
========================================================================
== I RV32  (M5)
========================================================================
# extension=I march_ext=zicsr out_dir=/tmp/sweep-final/I
PASS  add            0x003100b3              gen=ok sail= ok  spike= ok  qemu= -- 
PASS  addi           0x00410093              gen=ok sail= ok  spike= ok  qemu= -- 
SKIP  addiw                                  RV64-only per the model's own `when xlen == 64` guard -- not a failure
SKIP  addw                                   RV64-only per the model's own `when xlen == 64` guard -- not a failure
PASS  and            0x003170b3              gen=ok sail= ok  spike= ok  qemu= -- 
PASS  andi           0x00417093              gen=ok sail= ok  spike= ok  qemu= -- 
PASS  auipc          0x00004097              gen=ok sail= ok  spike= ok  qemu= -- 
PASS  beq            0x00208463+0x00000013   gen=ok sail= ok  spike= ok  qemu= -- 
PASS  bge            0x0020d463+0x00000013   gen=ok sail= ok  spike= ok  qemu= -- 
PASS  bgeu           0x0020f463+0x00000013   gen=ok sail= ok  spike= ok  qemu= -- 
PASS  blt            0x0020c463+0x00000013   gen=ok sail= ok  spike= ok  qemu= -- 
PASS  bltu           0x0020e463+0x00000013   gen=ok sail= ok  spike= ok  qemu= -- 
PASS  bne            0x00209463+0x00000013   gen=ok sail= ok  spike= ok  qemu= -- 
PASS  ebreak         0x00100073              gen=ok sail= ok  spike= ok  qemu= -- 
PASS  ecall          0x00000073              gen=ok sail= ok  spike= ok  qemu= -- 
PASS  fence          0x0ff0000f              gen=ok sail= ok  spike= ok  qemu= -- 
PASS  fence.tso      0x8330000f              gen=ok sail= ok  spike= ok  qemu= -- 
PASS  jal            0x008000ef+0x00000013   gen=ok sail= ok  spike= ok  qemu= -- 
PASS  jalr           0x000100e7              gen=ok sail= ok  spike= ok  qemu= -- 
PASS  lb             0x80020137+0x00010083   gen=ok sail= ok  spike= ok  qemu= -- 
PASS  lbu            0x80020137+0x00014083   gen=ok sail= ok  spike= ok  qemu= -- 
SKIP  ld                                     RV64-only (assembles for RV64, not RV32) -- not a failure
NOENC ldu                                    no such mnemonic at either XLEN (mnemonic-table cross-product artifact) -- not a failure
PASS  lh             0x80020137+0x00011083   gen=ok sail= ok  spike= ok  qemu= -- 
PASS  lhu            0x80020137+0x00015083   gen=ok sail= ok  spike= ok  qemu= -- 
PASS  lui            0x000040b7              gen=ok sail= ok  spike= ok  qemu= -- 
PASS  lw             0x80020137+0x00012083   gen=ok sail= ok  spike= ok  qemu= -- 
SKIP  lwu                                    RV64-only (assembles for RV64, not RV32) -- not a failure
PASS  mret           0x30200073              gen=ok sail= ok  spike= ok  qemu= -- 
PASS  or             0x003160b3              gen=ok sail= ok  spike= ok  qemu= -- 
PASS  ori            0x00416093              gen=ok sail= ok  spike= ok  qemu= -- 
PASS  sb             0x80020137+0x00110023   gen=ok sail= ok  spike= ok  qemu= -- 
SKIP  sd                                     RV64-only (assembles for RV64, not RV32) -- not a failure
PASS  sfence.vma     0x12208073              gen=ok sail= ok  spike= ok  qemu= -- 
PASS  sh             0x80020137+0x00111023   gen=ok sail= ok  spike= ok  qemu= -- 
PASS  sll            0x003110b3              gen=ok sail= ok  spike= ok  qemu= -- 
PASS  slli           0x00411093              gen=ok sail= ok  spike= ok  qemu= -- 
SKIP  slliw                                  RV64-only per the model's own `when xlen == 64` guard -- not a failure
SKIP  sllw                                   RV64-only per the model's own `when xlen == 64` guard -- not a failure
PASS  slt            0x003120b3              gen=ok sail= ok  spike= ok  qemu= -- 
PASS  slti           0x00412093              gen=ok sail= ok  spike= ok  qemu= -- 
PASS  sltiu          0x00413093              gen=ok sail= ok  spike= ok  qemu= -- 
PASS  sltu           0x003130b3              gen=ok sail= ok  spike= ok  qemu= -- 
PASS  sra            0x403150b3              gen=ok sail= ok  spike= ok  qemu= -- 
PASS  srai           0x40415093              gen=ok sail= ok  spike= ok  qemu= -- 
SKIP  sraiw                                  RV64-only per the model's own `when xlen == 64` guard -- not a failure
SKIP  sraw                                   RV64-only per the model's own `when xlen == 64` guard -- not a failure
PASS  sret           0x10200073              gen=ok sail= ok  spike= ok  qemu= -- 
PASS  srl            0x003150b3              gen=ok sail= ok  spike= ok  qemu= -- 
PASS  srli           0x00415093              gen=ok sail= ok  spike= ok  qemu= -- 
SKIP  srliw                                  RV64-only per the model's own `when xlen == 64` guard -- not a failure
SKIP  srlw                                   RV64-only per the model's own `when xlen == 64` guard -- not a failure
PASS  sub            0x403100b3              gen=ok sail= ok  spike= ok  qemu= -- 
SKIP  subw                                   RV64-only per the model's own `when xlen == 64` guard -- not a failure
PASS  sw             0x80020137+0x00112023   gen=ok sail= ok  spike= ok  qemu= -- 
PASS  wfi            0x10500073              gen=ok sail= ok  spike= ok  qemu= -- 
PASS  xor            0x003140b3              gen=ok sail= ok  spike= ok  qemu= -- 
PASS  xori           0x00414093              gen=ok sail= ok  spike= ok  qemu= -- 

45/45 instructions: parsed from the model, generated, and passing on every available simulator (ok/FAIL/-- = pass/fail/not run)
  (12 skipped as wrong-XLEN, not counted above: addiw, addw, ld, lwu, sd, slliw, sllw, sraiw, sraw, srliw, srlw, subw)
  (1 not real mnemonics, not counted above: ldu)
  sail   45 pass, 0 fail, 0 not installed
  spike  45 pass, 0 fail, 0 not installed
  qemu   0 pass, 0 fail, 45 not installed

========================================================================
== I RV64  (M5)
========================================================================
# extension=I march_ext=zicsr out_dir=/tmp/sweep-final/I
PASS  add            0x003100b3              gen=ok sail= ok  spike= ok  qemu= -- 
PASS  addi           0x00410093              gen=ok sail= ok  spike= ok  qemu= -- 
PASS  addiw          0x0041009b              gen=ok sail= ok  spike= ok  qemu= -- 
PASS  addw           0x003100bb              gen=ok sail= ok  spike= ok  qemu= -- 
PASS  and            0x003170b3              gen=ok sail= ok  spike= ok  qemu= -- 
PASS  andi           0x00417093              gen=ok sail= ok  spike= ok  qemu= -- 
PASS  auipc          0x00004097              gen=ok sail= ok  spike= ok  qemu= -- 
PASS  beq            0x00208463+0x00000013   gen=ok sail= ok  spike= ok  qemu= -- 
PASS  bge            0x0020d463+0x00000013   gen=ok sail= ok  spike= ok  qemu= -- 
PASS  bgeu           0x0020f463+0x00000013   gen=ok sail= ok  spike= ok  qemu= -- 
PASS  blt            0x0020c463+0x00000013   gen=ok sail= ok  spike= ok  qemu= -- 
PASS  bltu           0x0020e463+0x00000013   gen=ok sail= ok  spike= ok  qemu= -- 
PASS  bne            0x00209463+0x00000013   gen=ok sail= ok  spike= ok  qemu= -- 
PASS  ebreak         0x00100073              gen=ok sail= ok  spike= ok  qemu= -- 
PASS  ecall          0x00000073              gen=ok sail= ok  spike= ok  qemu= -- 
PASS  fence          0x0ff0000f              gen=ok sail= ok  spike= ok  qemu= -- 
PASS  fence.tso      0x8330000f              gen=ok sail= ok  spike= ok  qemu= -- 
PASS  jal            0x008000ef+0x00000013   gen=ok sail= ok  spike= ok  qemu= -- 
PASS  jalr           0x000100e7              gen=ok sail= ok  spike= ok  qemu= -- 
PASS  lb             0x80020137+0x02011113+0x02015113+0x00010083  gen=ok sail= ok  spike= ok  qemu= -- 
PASS  lbu            0x80020137+0x02011113+0x02015113+0x00014083  gen=ok sail= ok  spike= ok  qemu= -- 
PASS  ld             0x80020137+0x02011113+0x02015113+0x00013083  gen=ok sail= ok  spike= ok  qemu= -- 
NOENC ldu                                    no such mnemonic at either XLEN (mnemonic-table cross-product artifact) -- not a failure
PASS  lh             0x80020137+0x02011113+0x02015113+0x00011083  gen=ok sail= ok  spike= ok  qemu= -- 
PASS  lhu            0x80020137+0x02011113+0x02015113+0x00015083  gen=ok sail= ok  spike= ok  qemu= -- 
PASS  lui            0x000040b7              gen=ok sail= ok  spike= ok  qemu= -- 
PASS  lw             0x80020137+0x02011113+0x02015113+0x00012083  gen=ok sail= ok  spike= ok  qemu= -- 
PASS  lwu            0x80020137+0x02011113+0x02015113+0x00016083  gen=ok sail= ok  spike= ok  qemu= -- 
PASS  mret           0x30200073              gen=ok sail= ok  spike= ok  qemu= -- 
PASS  or             0x003160b3              gen=ok sail= ok  spike= ok  qemu= -- 
PASS  ori            0x00416093              gen=ok sail= ok  spike= ok  qemu= -- 
PASS  sb             0x80020137+0x02011113+0x02015113+0x00110023  gen=ok sail= ok  spike= ok  qemu= -- 
PASS  sd             0x80020137+0x02011113+0x02015113+0x00113023  gen=ok sail= ok  spike= ok  qemu= -- 
PASS  sfence.vma     0x12208073              gen=ok sail= ok  spike= ok  qemu= -- 
PASS  sh             0x80020137+0x02011113+0x02015113+0x00111023  gen=ok sail= ok  spike= ok  qemu= -- 
PASS  sll            0x003110b3              gen=ok sail= ok  spike= ok  qemu= -- 
PASS  slli           0x00411093              gen=ok sail= ok  spike= ok  qemu= -- 
PASS  slliw          0x0041109b              gen=ok sail= ok  spike= ok  qemu= -- 
PASS  sllw           0x003110bb              gen=ok sail= ok  spike= ok  qemu= -- 
PASS  slt            0x003120b3              gen=ok sail= ok  spike= ok  qemu= -- 
PASS  slti           0x00412093              gen=ok sail= ok  spike= ok  qemu= -- 
PASS  sltiu          0x00413093              gen=ok sail= ok  spike= ok  qemu= -- 
PASS  sltu           0x003130b3              gen=ok sail= ok  spike= ok  qemu= -- 
PASS  sra            0x403150b3              gen=ok sail= ok  spike= ok  qemu= -- 
PASS  srai           0x40415093              gen=ok sail= ok  spike= ok  qemu= -- 
PASS  sraiw          0x4041509b              gen=ok sail= ok  spike= ok  qemu= -- 
PASS  sraw           0x403150bb              gen=ok sail= ok  spike= ok  qemu= -- 
PASS  sret           0x10200073              gen=ok sail= ok  spike= ok  qemu= -- 
PASS  srl            0x003150b3              gen=ok sail= ok  spike= ok  qemu= -- 
PASS  srli           0x00415093              gen=ok sail= ok  spike= ok  qemu= -- 
PASS  srliw          0x0041509b              gen=ok sail= ok  spike= ok  qemu= -- 
PASS  srlw           0x003150bb              gen=ok sail= ok  spike= ok  qemu= -- 
PASS  sub            0x403100b3              gen=ok sail= ok  spike= ok  qemu= -- 
PASS  subw           0x403100bb              gen=ok sail= ok  spike= ok  qemu= -- 
PASS  sw             0x80020137+0x02011113+0x02015113+0x00112023  gen=ok sail= ok  spike= ok  qemu= -- 
PASS  wfi            0x10500073              gen=ok sail= ok  spike= ok  qemu= -- 
PASS  xor            0x003140b3              gen=ok sail= ok  spike= ok  qemu= -- 
PASS  xori           0x00414093              gen=ok sail= ok  spike= ok  qemu= -- 

57/57 instructions: parsed from the model, generated, and passing on every available simulator (ok/FAIL/-- = pass/fail/not run)
  (1 not real mnemonics, not counted above: ldu)
  sail   57 pass, 0 fail, 0 not installed
  spike  57 pass, 0 fail, 0 not installed
  qemu   0 pass, 0 fail, 57 not installed

========================================================================
== M RV32  (M5)
========================================================================
# extension=M march_ext=m_zicsr out_dir=/tmp/sweep-final/M
PASS  div            0x023140b3              gen=ok sail= ok  spike= ok  qemu= -- 
PASS  divu           0x023150b3              gen=ok sail= ok  spike= ok  qemu= -- 
SKIP  divuw                                  RV64-only per the model's own `when xlen == 64` guard -- not a failure
SKIP  divw                                   RV64-only per the model's own `when xlen == 64` guard -- not a failure
PASS  mul            0x023100b3              gen=ok sail= ok  spike= ok  qemu= -- 
PASS  mulh           0x023110b3              gen=ok sail= ok  spike= ok  qemu= -- 
PASS  mulhsu         0x023120b3              gen=ok sail= ok  spike= ok  qemu= -- 
PASS  mulhu          0x023130b3              gen=ok sail= ok  spike= ok  qemu= -- 
SKIP  mulw                                   RV64-only per the model's own `when xlen == 64` guard -- not a failure
PASS  rem            0x023160b3              gen=ok sail= ok  spike= ok  qemu= -- 
PASS  remu           0x023170b3              gen=ok sail= ok  spike= ok  qemu= -- 
SKIP  remuw                                  RV64-only per the model's own `when xlen == 64` guard -- not a failure
SKIP  remw                                   RV64-only per the model's own `when xlen == 64` guard -- not a failure

8/8 instructions: parsed from the model, generated, and passing on every available simulator (ok/FAIL/-- = pass/fail/not run)
  (5 skipped as wrong-XLEN, not counted above: divuw, divw, mulw, remuw, remw)
  sail   8 pass, 0 fail, 0 not installed
  spike  8 pass, 0 fail, 0 not installed
  qemu   0 pass, 0 fail, 8 not installed

========================================================================
== M RV64  (M5)
========================================================================
# extension=M march_ext=m_zicsr out_dir=/tmp/sweep-final/M
PASS  div            0x023140b3              gen=ok sail= ok  spike= ok  qemu= -- 
PASS  divu           0x023150b3              gen=ok sail= ok  spike= ok  qemu= -- 
PASS  divuw          0x023150bb              gen=ok sail= ok  spike= ok  qemu= -- 
PASS  divw           0x023140bb              gen=ok sail= ok  spike= ok  qemu= -- 
PASS  mul            0x023100b3              gen=ok sail= ok  spike= ok  qemu= -- 
PASS  mulh           0x023110b3              gen=ok sail= ok  spike= ok  qemu= -- 
PASS  mulhsu         0x023120b3              gen=ok sail= ok  spike= ok  qemu= -- 
PASS  mulhu          0x023130b3              gen=ok sail= ok  spike= ok  qemu= -- 
PASS  mulw           0x023100bb              gen=ok sail= ok  spike= ok  qemu= -- 
PASS  rem            0x023160b3              gen=ok sail= ok  spike= ok  qemu= -- 
PASS  remu           0x023170b3              gen=ok sail= ok  spike= ok  qemu= -- 
PASS  remuw          0x023170bb              gen=ok sail= ok  spike= ok  qemu= -- 
PASS  remw           0x023160bb              gen=ok sail= ok  spike= ok  qemu= -- 

13/13 instructions: parsed from the model, generated, and passing on every available simulator (ok/FAIL/-- = pass/fail/not run)
  sail   13 pass, 0 fail, 0 not installed
  spike  13 pass, 0 fail, 0 not installed
  qemu   0 pass, 0 fail, 13 not installed

========================================================================
== A RV32  (M5)
========================================================================
# extension=A march_ext=a_zicsr out_dir=/tmp/sweep-final/A
NOENC amoadd.b                               no such mnemonic at either XLEN (mnemonic-table cross-product artifact) -- not a failure
NOENC amoadd.b.aq                            no such mnemonic at either XLEN (mnemonic-table cross-product artifact) -- not a failure
NOENC amoadd.b.aqrl                          no such mnemonic at either XLEN (mnemonic-table cross-product artifact) -- not a failure
NOENC amoadd.b.rl                            no such mnemonic at either XLEN (mnemonic-table cross-product artifact) -- not a failure
SKIP  amoadd.d                               RV64-only (assembles for RV64, not RV32) -- not a failure
SKIP  amoadd.d.aq                            RV64-only (assembles for RV64, not RV32) -- not a failure
SKIP  amoadd.d.aqrl                          RV64-only (assembles for RV64, not RV32) -- not a failure
SKIP  amoadd.d.rl                            RV64-only (assembles for RV64, not RV32) -- not a failure
NOENC amoadd.h                               no such mnemonic at either XLEN (mnemonic-table cross-product artifact) -- not a failure
NOENC amoadd.h.aq                            no such mnemonic at either XLEN (mnemonic-table cross-product artifact) -- not a failure
NOENC amoadd.h.aqrl                          no such mnemonic at either XLEN (mnemonic-table cross-product artifact) -- not a failure
NOENC amoadd.h.rl                            no such mnemonic at either XLEN (mnemonic-table cross-product artifact) -- not a failure
NOENC amoadd.q                               no such mnemonic at either XLEN (mnemonic-table cross-product artifact) -- not a failure
NOENC amoadd.q.aq                            no such mnemonic at either XLEN (mnemonic-table cross-product artifact) -- not a failure
NOENC amoadd.q.aqrl                          no such mnemonic at either XLEN (mnemonic-table cross-product artifact) -- not a failure
NOENC amoadd.q.rl                            no such mnemonic at either XLEN (mnemonic-table cross-product artifact) -- not a failure
PASS  amoadd.w       0x800201b7+0x0021a0af   gen=ok sail= ok  spike= ok  qemu= -- 
PASS  amoadd.w.aq    0x800201b7+0x0421a0af   gen=ok sail= ok  spike= ok  qemu= -- 
PASS  amoadd.w.aqrl  0x800201b7+0x0621a0af   gen=ok sail= ok  spike= ok  qemu= -- 
PASS  amoadd.w.rl    0x800201b7+0x0221a0af   gen=ok sail= ok  spike= ok  qemu= -- 
NOENC amoand.b                               no such mnemonic at either XLEN (mnemonic-table cross-product artifact) -- not a failure
NOENC amoand.b.aq                            no such mnemonic at either XLEN (mnemonic-table cross-product artifact) -- not a failure
NOENC amoand.b.aqrl                          no such mnemonic at either XLEN (mnemonic-table cross-product artifact) -- not a failure
NOENC amoand.b.rl                            no such mnemonic at either XLEN (mnemonic-table cross-product artifact) -- not a failure
SKIP  amoand.d                               RV64-only (assembles for RV64, not RV32) -- not a failure
SKIP  amoand.d.aq                            RV64-only (assembles for RV64, not RV32) -- not a failure
SKIP  amoand.d.aqrl                          RV64-only (assembles for RV64, not RV32) -- not a failure
SKIP  amoand.d.rl                            RV64-only (assembles for RV64, not RV32) -- not a failure
NOENC amoand.h                               no such mnemonic at either XLEN (mnemonic-table cross-product artifact) -- not a failure
NOENC amoand.h.aq                            no such mnemonic at either XLEN (mnemonic-table cross-product artifact) -- not a failure
NOENC amoand.h.aqrl                          no such mnemonic at either XLEN (mnemonic-table cross-product artifact) -- not a failure
NOENC amoand.h.rl                            no such mnemonic at either XLEN (mnemonic-table cross-product artifact) -- not a failure
NOENC amoand.q                               no such mnemonic at either XLEN (mnemonic-table cross-product artifact) -- not a failure
NOENC amoand.q.aq                            no such mnemonic at either XLEN (mnemonic-table cross-product artifact) -- not a failure
NOENC amoand.q.aqrl                          no such mnemonic at either XLEN (mnemonic-table cross-product artifact) -- not a failure
NOENC amoand.q.rl                            no such mnemonic at either XLEN (mnemonic-table cross-product artifact) -- not a failure
PASS  amoand.w       0x800201b7+0x6021a0af   gen=ok sail= ok  spike= ok  qemu= -- 
PASS  amoand.w.aq    0x800201b7+0x6421a0af   gen=ok sail= ok  spike= ok  qemu= -- 
PASS  amoand.w.aqrl  0x800201b7+0x6621a0af   gen=ok sail= ok  spike= ok  qemu= -- 
PASS  amoand.w.rl    0x800201b7+0x6221a0af   gen=ok sail= ok  spike= ok  qemu= -- 
NOENC amocas.b                               no such mnemonic at either XLEN (mnemonic-table cross-product artifact) -- not a failure
NOENC amocas.b.aq                            no such mnemonic at either XLEN (mnemonic-table cross-product artifact) -- not a failure
NOENC amocas.b.aqrl                          no such mnemonic at either XLEN (mnemonic-table cross-product artifact) -- not a failure
NOENC amocas.b.rl                            no such mnemonic at either XLEN (mnemonic-table cross-product artifact) -- not a failure
NOENC amocas.d                               no such mnemonic at either XLEN (mnemonic-table cross-product artifact) -- not a failure
NOENC amocas.d.aq                            no such mnemonic at either XLEN (mnemonic-table cross-product artifact) -- not a failure
NOENC amocas.d.aqrl                          no such mnemonic at either XLEN (mnemonic-table cross-product artifact) -- not a failure
NOENC amocas.d.rl                            no such mnemonic at either XLEN (mnemonic-table cross-product artifact) -- not a failure
NOENC amocas.h                               no such mnemonic at either XLEN (mnemonic-table cross-product artifact) -- not a failure
NOENC amocas.h.aq                            no such mnemonic at either XLEN (mnemonic-table cross-product artifact) -- not a failure
NOENC amocas.h.aqrl                          no such mnemonic at either XLEN (mnemonic-table cross-product artifact) -- not a failure
NOENC amocas.h.rl                            no such mnemonic at either XLEN (mnemonic-table cross-product artifact) -- not a failure
NOENC amocas.q                               no such mnemonic at either XLEN (mnemonic-table cross-product artifact) -- not a failure
NOENC amocas.q.aq                            no such mnemonic at either XLEN (mnemonic-table cross-product artifact) -- not a failure
NOENC amocas.q.aqrl                          no such mnemonic at either XLEN (mnemonic-table cross-product artifact) -- not a failure
NOENC amocas.q.rl                            no such mnemonic at either XLEN (mnemonic-table cross-product artifact) -- not a failure
NOENC amocas.w                               no such mnemonic at either XLEN (mnemonic-table cross-product artifact) -- not a failure
NOENC amocas.w.aq                            no such mnemonic at either XLEN (mnemonic-table cross-product artifact) -- not a failure
NOENC amocas.w.aqrl                          no such mnemonic at either XLEN (mnemonic-table cross-product artifact) -- not a failure
NOENC amocas.w.rl                            no such mnemonic at either XLEN (mnemonic-table cross-product artifact) -- not a failure
NOENC amomax.b                               no such mnemonic at either XLEN (mnemonic-table cross-product artifact) -- not a failure
NOENC amomax.b.aq                            no such mnemonic at either XLEN (mnemonic-table cross-product artifact) -- not a failure
NOENC amomax.b.aqrl                          no such mnemonic at either XLEN (mnemonic-table cross-product artifact) -- not a failure
NOENC amomax.b.rl                            no such mnemonic at either XLEN (mnemonic-table cross-product artifact) -- not a failure
SKIP  amomax.d                               RV64-only (assembles for RV64, not RV32) -- not a failure
SKIP  amomax.d.aq                            RV64-only (assembles for RV64, not RV32) -- not a failure
SKIP  amomax.d.aqrl                          RV64-only (assembles for RV64, not RV32) -- not a failure
SKIP  amomax.d.rl                            RV64-only (assembles for RV64, not RV32) -- not a failure
NOENC amomax.h                               no such mnemonic at either XLEN (mnemonic-table cross-product artifact) -- not a failure
NOENC amomax.h.aq                            no such mnemonic at either XLEN (mnemonic-table cross-product artifact) -- not a failure
NOENC amomax.h.aqrl                          no such mnemonic at either XLEN (mnemonic-table cross-product artifact) -- not a failure
NOENC amomax.h.rl                            no such mnemonic at either XLEN (mnemonic-table cross-product artifact) -- not a failure
NOENC amomax.q                               no such mnemonic at either XLEN (mnemonic-table cross-product artifact) -- not a failure
NOENC amomax.q.aq                            no such mnemonic at either XLEN (mnemonic-table cross-product artifact) -- not a failure
NOENC amomax.q.aqrl                          no such mnemonic at either XLEN (mnemonic-table cross-product artifact) -- not a failure
NOENC amomax.q.rl                            no such mnemonic at either XLEN (mnemonic-table cross-product artifact) -- not a failure
PASS  amomax.w       0x800201b7+0xa021a0af   gen=ok sail= ok  spike= ok  qemu= -- 
PASS  amomax.w.aq    0x800201b7+0xa421a0af   gen=ok sail= ok  spike= ok  qemu= -- 
PASS  amomax.w.aqrl  0x800201b7+0xa621a0af   gen=ok sail= ok  spike= ok  qemu= -- 
PASS  amomax.w.rl    0x800201b7+0xa221a0af   gen=ok sail= ok  spike= ok  qemu= -- 
NOENC amomaxu.b                              no such mnemonic at either XLEN (mnemonic-table cross-product artifact) -- not a failure
NOENC amomaxu.b.aq                           no such mnemonic at either XLEN (mnemonic-table cross-product artifact) -- not a failure
NOENC amomaxu.b.aqrl                         no such mnemonic at either XLEN (mnemonic-table cross-product artifact) -- not a failure
NOENC amomaxu.b.rl                           no such mnemonic at either XLEN (mnemonic-table cross-product artifact) -- not a failure
SKIP  amomaxu.d                              RV64-only (assembles for RV64, not RV32) -- not a failure
SKIP  amomaxu.d.aq                           RV64-only (assembles for RV64, not RV32) -- not a failure
SKIP  amomaxu.d.aqrl                         RV64-only (assembles for RV64, not RV32) -- not a failure
SKIP  amomaxu.d.rl                           RV64-only (assembles for RV64, not RV32) -- not a failure
NOENC amomaxu.h                              no such mnemonic at either XLEN (mnemonic-table cross-product artifact) -- not a failure
NOENC amomaxu.h.aq                           no such mnemonic at either XLEN (mnemonic-table cross-product artifact) -- not a failure
NOENC amomaxu.h.aqrl                         no such mnemonic at either XLEN (mnemonic-table cross-product artifact) -- not a failure
NOENC amomaxu.h.rl                           no such mnemonic at either XLEN (mnemonic-table cross-product artifact) -- not a failure
NOENC amomaxu.q                              no such mnemonic at either XLEN (mnemonic-table cross-product artifact) -- not a failure
NOENC amomaxu.q.aq                           no such mnemonic at either XLEN (mnemonic-table cross-product artifact) -- not a failure
NOENC amomaxu.q.aqrl                         no such mnemonic at either XLEN (mnemonic-table cross-product artifact) -- not a failure
NOENC amomaxu.q.rl                           no such mnemonic at either XLEN (mnemonic-table cross-product artifact) -- not a failure
PASS  amomaxu.w      0x800201b7+0xe021a0af   gen=ok sail= ok  spike= ok  qemu= -- 
PASS  amomaxu.w.aq   0x800201b7+0xe421a0af   gen=ok sail= ok  spike= ok  qemu= -- 
PASS  amomaxu.w.aqrl 0x800201b7+0xe621a0af   gen=ok sail= ok  spike= ok  qemu= -- 
PASS  amomaxu.w.rl   0x800201b7+0xe221a0af   gen=ok sail= ok  spike= ok  qemu= -- 
NOENC amomin.b                               no such mnemonic at either XLEN (mnemonic-table cross-product artifact) -- not a failure
NOENC amomin.b.aq                            no such mnemonic at either XLEN (mnemonic-table cross-product artifact) -- not a failure
NOENC amomin.b.aqrl                          no such mnemonic at either XLEN (mnemonic-table cross-product artifact) -- not a failure
NOENC amomin.b.rl                            no such mnemonic at either XLEN (mnemonic-table cross-product artifact) -- not a failure
SKIP  amomin.d                               RV64-only (assembles for RV64, not RV32) -- not a failure
SKIP  amomin.d.aq                            RV64-only (assembles for RV64, not RV32) -- not a failure
SKIP  amomin.d.aqrl                          RV64-only (assembles for RV64, not RV32) -- not a failure
SKIP  amomin.d.rl                            RV64-only (assembles for RV64, not RV32) -- not a failure
NOENC amomin.h                               no such mnemonic at either XLEN (mnemonic-table cross-product artifact) -- not a failure
NOENC amomin.h.aq                            no such mnemonic at either XLEN (mnemonic-table cross-product artifact) -- not a failure
NOENC amomin.h.aqrl                          no such mnemonic at either XLEN (mnemonic-table cross-product artifact) -- not a failure
NOENC amomin.h.rl                            no such mnemonic at either XLEN (mnemonic-table cross-product artifact) -- not a failure
NOENC amomin.q                               no such mnemonic at either XLEN (mnemonic-table cross-product artifact) -- not a failure
NOENC amomin.q.aq                            no such mnemonic at either XLEN (mnemonic-table cross-product artifact) -- not a failure
NOENC amomin.q.aqrl                          no such mnemonic at either XLEN (mnemonic-table cross-product artifact) -- not a failure
NOENC amomin.q.rl                            no such mnemonic at either XLEN (mnemonic-table cross-product artifact) -- not a failure
PASS  amomin.w       0x800201b7+0x8021a0af   gen=ok sail= ok  spike= ok  qemu= -- 
PASS  amomin.w.aq    0x800201b7+0x8421a0af   gen=ok sail= ok  spike= ok  qemu= -- 
PASS  amomin.w.aqrl  0x800201b7+0x8621a0af   gen=ok sail= ok  spike= ok  qemu= -- 
PASS  amomin.w.rl    0x800201b7+0x8221a0af   gen=ok sail= ok  spike= ok  qemu= -- 
NOENC amominu.b                              no such mnemonic at either XLEN (mnemonic-table cross-product artifact) -- not a failure
NOENC amominu.b.aq                           no such mnemonic at either XLEN (mnemonic-table cross-product artifact) -- not a failure
NOENC amominu.b.aqrl                         no such mnemonic at either XLEN (mnemonic-table cross-product artifact) -- not a failure
NOENC amominu.b.rl                           no such mnemonic at either XLEN (mnemonic-table cross-product artifact) -- not a failure
SKIP  amominu.d                              RV64-only (assembles for RV64, not RV32) -- not a failure
SKIP  amominu.d.aq                           RV64-only (assembles for RV64, not RV32) -- not a failure
SKIP  amominu.d.aqrl                         RV64-only (assembles for RV64, not RV32) -- not a failure
SKIP  amominu.d.rl                           RV64-only (assembles for RV64, not RV32) -- not a failure
NOENC amominu.h                              no such mnemonic at either XLEN (mnemonic-table cross-product artifact) -- not a failure
NOENC amominu.h.aq                           no such mnemonic at either XLEN (mnemonic-table cross-product artifact) -- not a failure
NOENC amominu.h.aqrl                         no such mnemonic at either XLEN (mnemonic-table cross-product artifact) -- not a failure
NOENC amominu.h.rl                           no such mnemonic at either XLEN (mnemonic-table cross-product artifact) -- not a failure
NOENC amominu.q                              no such mnemonic at either XLEN (mnemonic-table cross-product artifact) -- not a failure
NOENC amominu.q.aq                           no such mnemonic at either XLEN (mnemonic-table cross-product artifact) -- not a failure
NOENC amominu.q.aqrl                         no such mnemonic at either XLEN (mnemonic-table cross-product artifact) -- not a failure
NOENC amominu.q.rl                           no such mnemonic at either XLEN (mnemonic-table cross-product artifact) -- not a failure
PASS  amominu.w      0x800201b7+0xc021a0af   gen=ok sail= ok  spike= ok  qemu= -- 
PASS  amominu.w.aq   0x800201b7+0xc421a0af   gen=ok sail= ok  spike= ok  qemu= -- 
PASS  amominu.w.aqrl 0x800201b7+0xc621a0af   gen=ok sail= ok  spike= ok  qemu= -- 
PASS  amominu.w.rl   0x800201b7+0xc221a0af   gen=ok sail= ok  spike= ok  qemu= -- 
NOENC amoor.b                                no such mnemonic at either XLEN (mnemonic-table cross-product artifact) -- not a failure
NOENC amoor.b.aq                             no such mnemonic at either XLEN (mnemonic-table cross-product artifact) -- not a failure
NOENC amoor.b.aqrl                           no such mnemonic at either XLEN (mnemonic-table cross-product artifact) -- not a failure
NOENC amoor.b.rl                             no such mnemonic at either XLEN (mnemonic-table cross-product artifact) -- not a failure
SKIP  amoor.d                                RV64-only (assembles for RV64, not RV32) -- not a failure
SKIP  amoor.d.aq                             RV64-only (assembles for RV64, not RV32) -- not a failure
SKIP  amoor.d.aqrl                           RV64-only (assembles for RV64, not RV32) -- not a failure
SKIP  amoor.d.rl                             RV64-only (assembles for RV64, not RV32) -- not a failure
NOENC amoor.h                                no such mnemonic at either XLEN (mnemonic-table cross-product artifact) -- not a failure
NOENC amoor.h.aq                             no such mnemonic at either XLEN (mnemonic-table cross-product artifact) -- not a failure
NOENC amoor.h.aqrl                           no such mnemonic at either XLEN (mnemonic-table cross-product artifact) -- not a failure
NOENC amoor.h.rl                             no such mnemonic at either XLEN (mnemonic-table cross-product artifact) -- not a failure
NOENC amoor.q                                no such mnemonic at either XLEN (mnemonic-table cross-product artifact) -- not a failure
NOENC amoor.q.aq                             no such mnemonic at either XLEN (mnemonic-table cross-product artifact) -- not a failure
NOENC amoor.q.aqrl                           no such mnemonic at either XLEN (mnemonic-table cross-product artifact) -- not a failure
NOENC amoor.q.rl                             no such mnemonic at either XLEN (mnemonic-table cross-product artifact) -- not a failure
PASS  amoor.w        0x800201b7+0x4021a0af   gen=ok sail= ok  spike= ok  qemu= -- 
PASS  amoor.w.aq     0x800201b7+0x4421a0af   gen=ok sail= ok  spike= ok  qemu= -- 
PASS  amoor.w.aqrl   0x800201b7+0x4621a0af   gen=ok sail= ok  spike= ok  qemu= -- 
PASS  amoor.w.rl     0x800201b7+0x4221a0af   gen=ok sail= ok  spike= ok  qemu= -- 
NOENC amoswap.b                              no such mnemonic at either XLEN (mnemonic-table cross-product artifact) -- not a failure
NOENC amoswap.b.aq                           no such mnemonic at either XLEN (mnemonic-table cross-product artifact) -- not a failure
NOENC amoswap.b.aqrl                         no such mnemonic at either XLEN (mnemonic-table cross-product artifact) -- not a failure
NOENC amoswap.b.rl                           no such mnemonic at either XLEN (mnemonic-table cross-product artifact) -- not a failure
SKIP  amoswap.d                              RV64-only (assembles for RV64, not RV32) -- not a failure
SKIP  amoswap.d.aq                           RV64-only (assembles for RV64, not RV32) -- not a failure
SKIP  amoswap.d.aqrl                         RV64-only (assembles for RV64, not RV32) -- not a failure
SKIP  amoswap.d.rl                           RV64-only (assembles for RV64, not RV32) -- not a failure
NOENC amoswap.h                              no such mnemonic at either XLEN (mnemonic-table cross-product artifact) -- not a failure
NOENC amoswap.h.aq                           no such mnemonic at either XLEN (mnemonic-table cross-product artifact) -- not a failure
NOENC amoswap.h.aqrl                         no such mnemonic at either XLEN (mnemonic-table cross-product artifact) -- not a failure
NOENC amoswap.h.rl                           no such mnemonic at either XLEN (mnemonic-table cross-product artifact) -- not a failure
NOENC amoswap.q                              no such mnemonic at either XLEN (mnemonic-table cross-product artifact) -- not a failure
NOENC amoswap.q.aq                           no such mnemonic at either XLEN (mnemonic-table cross-product artifact) -- not a failure
NOENC amoswap.q.aqrl                         no such mnemonic at either XLEN (mnemonic-table cross-product artifact) -- not a failure
NOENC amoswap.q.rl                           no such mnemonic at either XLEN (mnemonic-table cross-product artifact) -- not a failure
PASS  amoswap.w      0x800201b7+0x0821a0af   gen=ok sail= ok  spike= ok  qemu= -- 
PASS  amoswap.w.aq   0x800201b7+0x0c21a0af   gen=ok sail= ok  spike= ok  qemu= -- 
PASS  amoswap.w.aqrl 0x800201b7+0x0e21a0af   gen=ok sail= ok  spike= ok  qemu= -- 
PASS  amoswap.w.rl   0x800201b7+0x0a21a0af   gen=ok sail= ok  spike= ok  qemu= -- 
NOENC amoxor.b                               no such mnemonic at either XLEN (mnemonic-table cross-product artifact) -- not a failure
NOENC amoxor.b.aq                            no such mnemonic at either XLEN (mnemonic-table cross-product artifact) -- not a failure
NOENC amoxor.b.aqrl                          no such mnemonic at either XLEN (mnemonic-table cross-product artifact) -- not a failure
NOENC amoxor.b.rl                            no such mnemonic at either XLEN (mnemonic-table cross-product artifact) -- not a failure
SKIP  amoxor.d                               RV64-only (assembles for RV64, not RV32) -- not a failure
SKIP  amoxor.d.aq                            RV64-only (assembles for RV64, not RV32) -- not a failure
SKIP  amoxor.d.aqrl                          RV64-only (assembles for RV64, not RV32) -- not a failure
SKIP  amoxor.d.rl                            RV64-only (assembles for RV64, not RV32) -- not a failure
NOENC amoxor.h                               no such mnemonic at either XLEN (mnemonic-table cross-product artifact) -- not a failure
NOENC amoxor.h.aq                            no such mnemonic at either XLEN (mnemonic-table cross-product artifact) -- not a failure
NOENC amoxor.h.aqrl                          no such mnemonic at either XLEN (mnemonic-table cross-product artifact) -- not a failure
NOENC amoxor.h.rl                            no such mnemonic at either XLEN (mnemonic-table cross-product artifact) -- not a failure
NOENC amoxor.q                               no such mnemonic at either XLEN (mnemonic-table cross-product artifact) -- not a failure
NOENC amoxor.q.aq                            no such mnemonic at either XLEN (mnemonic-table cross-product artifact) -- not a failure
NOENC amoxor.q.aqrl                          no such mnemonic at either XLEN (mnemonic-table cross-product artifact) -- not a failure
NOENC amoxor.q.rl                            no such mnemonic at either XLEN (mnemonic-table cross-product artifact) -- not a failure
PASS  amoxor.w       0x800201b7+0x2021a0af   gen=ok sail= ok  spike= ok  qemu= -- 
PASS  amoxor.w.aq    0x800201b7+0x2421a0af   gen=ok sail= ok  spike= ok  qemu= -- 
PASS  amoxor.w.aqrl  0x800201b7+0x2621a0af   gen=ok sail= ok  spike= ok  qemu= -- 
PASS  amoxor.w.rl    0x800201b7+0x2221a0af   gen=ok sail= ok  spike= ok  qemu= -- 
NOENC lr.b                                   no such mnemonic at either XLEN (mnemonic-table cross-product artifact) -- not a failure
NOENC lr.b.aq                                no such mnemonic at either XLEN (mnemonic-table cross-product artifact) -- not a failure
NOENC lr.b.aqrl                              no such mnemonic at either XLEN (mnemonic-table cross-product artifact) -- not a failure
NOENC lr.b.rl                                no such mnemonic at either XLEN (mnemonic-table cross-product artifact) -- not a failure
SKIP  lr.d                                   RV64-only (assembles for RV64, not RV32) -- not a failure
SKIP  lr.d.aq                                RV64-only (assembles for RV64, not RV32) -- not a failure
SKIP  lr.d.aqrl                              RV64-only (assembles for RV64, not RV32) -- not a failure
SKIP  lr.d.rl                                RV64-only (assembles for RV64, not RV32) -- not a failure
NOENC lr.h                                   no such mnemonic at either XLEN (mnemonic-table cross-product artifact) -- not a failure
NOENC lr.h.aq                                no such mnemonic at either XLEN (mnemonic-table cross-product artifact) -- not a failure
NOENC lr.h.aqrl                              no such mnemonic at either XLEN (mnemonic-table cross-product artifact) -- not a failure
NOENC lr.h.rl                                no such mnemonic at either XLEN (mnemonic-table cross-product artifact) -- not a failure
PASS  lr.w           0x80020137+0x100120af   gen=ok sail= ok  spike= ok  qemu= -- 
PASS  lr.w.aq        0x80020137+0x140120af   gen=ok sail= ok  spike= ok  qemu= -- 
PASS  lr.w.aqrl      0x80020137+0x160120af   gen=ok sail= ok  spike= ok  qemu= -- 
PASS  lr.w.rl        0x80020137+0x120120af   gen=ok sail= ok  spike= ok  qemu= -- 
NOENC sc.b                                   no such mnemonic at either XLEN (mnemonic-table cross-product artifact) -- not a failure
NOENC sc.b.aq                                no such mnemonic at either XLEN (mnemonic-table cross-product artifact) -- not a failure
NOENC sc.b.aqrl                              no such mnemonic at either XLEN (mnemonic-table cross-product artifact) -- not a failure
NOENC sc.b.rl                                no such mnemonic at either XLEN (mnemonic-table cross-product artifact) -- not a failure
SKIP  sc.d                                   RV64-only (assembles for RV64, not RV32) -- not a failure
SKIP  sc.d.aq                                RV64-only (assembles for RV64, not RV32) -- not a failure
SKIP  sc.d.aqrl                              RV64-only (assembles for RV64, not RV32) -- not a failure
SKIP  sc.d.rl                                RV64-only (assembles for RV64, not RV32) -- not a failure
NOENC sc.h                                   no such mnemonic at either XLEN (mnemonic-table cross-product artifact) -- not a failure
NOENC sc.h.aq                                no such mnemonic at either XLEN (mnemonic-table cross-product artifact) -- not a failure
NOENC sc.h.aqrl                              no such mnemonic at either XLEN (mnemonic-table cross-product artifact) -- not a failure
NOENC sc.h.rl                                no such mnemonic at either XLEN (mnemonic-table cross-product artifact) -- not a failure
PASS  sc.w           0x800201b7+0x1821a0af   gen=ok sail= ok  spike= ok  qemu= -- 
PASS  sc.w.aq        0x800201b7+0x1c21a0af   gen=ok sail= ok  spike= ok  qemu= -- 
PASS  sc.w.aqrl      0x800201b7+0x1e21a0af   gen=ok sail= ok  spike= ok  qemu= -- 
PASS  sc.w.rl        0x800201b7+0x1a21a0af   gen=ok sail= ok  spike= ok  qemu= -- 

44/44 instructions: parsed from the model, generated, and passing on every available simulator (ok/FAIL/-- = pass/fail/not run)
  (44 skipped as wrong-XLEN, not counted above: amoadd.d, amoadd.d.aq, amoadd.d.aqrl, amoadd.d.rl, amoand.d, amoand.d.aq, amoand.d.aqrl, amoand.d.rl, amomax.d, amomax.d.aq, amomax.d.aqrl, amomax.d.rl, amomaxu.d, amomaxu.d.aq, amomaxu.d.aqrl, amomaxu.d.rl, amomin.d, amomin.d.aq, amomin.d.aqrl, amomin.d.rl, amominu.d, amominu.d.aq, amominu.d.aqrl, amominu.d.rl, amoor.d, amoor.d.aq, amoor.d.aqrl, amoor.d.rl, amoswap.d, amoswap.d.aq, amoswap.d.aqrl, amoswap.d.rl, amoxor.d, amoxor.d.aq, amoxor.d.aqrl, amoxor.d.rl, lr.d, lr.d.aq, lr.d.aqrl, lr.d.rl, sc.d, sc.d.aq, sc.d.aqrl, sc.d.rl)
  (144 not real mnemonics, not counted above: amoadd.b, amoadd.b.aq, amoadd.b.aqrl, amoadd.b.rl, amoadd.h, amoadd.h.aq, amoadd.h.aqrl, amoadd.h.rl, amoadd.q, amoadd.q.aq, amoadd.q.aqrl, amoadd.q.rl, amoand.b, amoand.b.aq, amoand.b.aqrl, amoand.b.rl, amoand.h, amoand.h.aq, amoand.h.aqrl, amoand.h.rl, amoand.q, amoand.q.aq, amoand.q.aqrl, amoand.q.rl, amocas.b, amocas.b.aq, amocas.b.aqrl, amocas.b.rl, amocas.d, amocas.d.aq, amocas.d.aqrl, amocas.d.rl, amocas.h, amocas.h.aq, amocas.h.aqrl, amocas.h.rl, amocas.q, amocas.q.aq, amocas.q.aqrl, amocas.q.rl, amocas.w, amocas.w.aq, amocas.w.aqrl, amocas.w.rl, amomax.b, amomax.b.aq, amomax.b.aqrl, amomax.b.rl, amomax.h, amomax.h.aq, amomax.h.aqrl, amomax.h.rl, amomax.q, amomax.q.aq, amomax.q.aqrl, amomax.q.rl, amomaxu.b, amomaxu.b.aq, amomaxu.b.aqrl, amomaxu.b.rl, amomaxu.h, amomaxu.h.aq, amomaxu.h.aqrl, amomaxu.h.rl, amomaxu.q, amomaxu.q.aq, amomaxu.q.aqrl, amomaxu.q.rl, amomin.b, amomin.b.aq, amomin.b.aqrl, amomin.b.rl, amomin.h, amomin.h.aq, amomin.h.aqrl, amomin.h.rl, amomin.q, amomin.q.aq, amomin.q.aqrl, amomin.q.rl, amominu.b, amominu.b.aq, amominu.b.aqrl, amominu.b.rl, amominu.h, amominu.h.aq, amominu.h.aqrl, amominu.h.rl, amominu.q, amominu.q.aq, amominu.q.aqrl, amominu.q.rl, amoor.b, amoor.b.aq, amoor.b.aqrl, amoor.b.rl, amoor.h, amoor.h.aq, amoor.h.aqrl, amoor.h.rl, amoor.q, amoor.q.aq, amoor.q.aqrl, amoor.q.rl, amoswap.b, amoswap.b.aq, amoswap.b.aqrl, amoswap.b.rl, amoswap.h, amoswap.h.aq, amoswap.h.aqrl, amoswap.h.rl, amoswap.q, amoswap.q.aq, amoswap.q.aqrl, amoswap.q.rl, amoxor.b, amoxor.b.aq, amoxor.b.aqrl, amoxor.b.rl, amoxor.h, amoxor.h.aq, amoxor.h.aqrl, amoxor.h.rl, amoxor.q, amoxor.q.aq, amoxor.q.aqrl, amoxor.q.rl, lr.b, lr.b.aq, lr.b.aqrl, lr.b.rl, lr.h, lr.h.aq, lr.h.aqrl, lr.h.rl, sc.b, sc.b.aq, sc.b.aqrl, sc.b.rl, sc.h, sc.h.aq, sc.h.aqrl, sc.h.rl)
  sail   44 pass, 0 fail, 0 not installed
  spike  44 pass, 0 fail, 0 not installed
  qemu   0 pass, 0 fail, 44 not installed

========================================================================
== A RV64  (M5)
========================================================================
# extension=A march_ext=a_zicsr out_dir=/tmp/sweep-final/A
NOENC amoadd.b                               no such mnemonic at either XLEN (mnemonic-table cross-product artifact) -- not a failure
NOENC amoadd.b.aq                            no such mnemonic at either XLEN (mnemonic-table cross-product artifact) -- not a failure
NOENC amoadd.b.aqrl                          no such mnemonic at either XLEN (mnemonic-table cross-product artifact) -- not a failure
NOENC amoadd.b.rl                            no such mnemonic at either XLEN (mnemonic-table cross-product artifact) -- not a failure
PASS  amoadd.d       0x800201b7+0x02019193+0x0201d193+0x0021b0af  gen=ok sail= ok  spike= ok  qemu= -- 
PASS  amoadd.d.aq    0x800201b7+0x02019193+0x0201d193+0x0421b0af  gen=ok sail= ok  spike= ok  qemu= -- 
PASS  amoadd.d.aqrl  0x800201b7+0x02019193+0x0201d193+0x0621b0af  gen=ok sail= ok  spike= ok  qemu= -- 
PASS  amoadd.d.rl    0x800201b7+0x02019193+0x0201d193+0x0221b0af  gen=ok sail= ok  spike= ok  qemu= -- 
NOENC amoadd.h                               no such mnemonic at either XLEN (mnemonic-table cross-product artifact) -- not a failure
NOENC amoadd.h.aq                            no such mnemonic at either XLEN (mnemonic-table cross-product artifact) -- not a failure
NOENC amoadd.h.aqrl                          no such mnemonic at either XLEN (mnemonic-table cross-product artifact) -- not a failure
NOENC amoadd.h.rl                            no such mnemonic at either XLEN (mnemonic-table cross-product artifact) -- not a failure
NOENC amoadd.q                               no such mnemonic at either XLEN (mnemonic-table cross-product artifact) -- not a failure
NOENC amoadd.q.aq                            no such mnemonic at either XLEN (mnemonic-table cross-product artifact) -- not a failure
NOENC amoadd.q.aqrl                          no such mnemonic at either XLEN (mnemonic-table cross-product artifact) -- not a failure
NOENC amoadd.q.rl                            no such mnemonic at either XLEN (mnemonic-table cross-product artifact) -- not a failure
PASS  amoadd.w       0x800201b7+0x02019193+0x0201d193+0x0021a0af  gen=ok sail= ok  spike= ok  qemu= -- 
PASS  amoadd.w.aq    0x800201b7+0x02019193+0x0201d193+0x0421a0af  gen=ok sail= ok  spike= ok  qemu= -- 
PASS  amoadd.w.aqrl  0x800201b7+0x02019193+0x0201d193+0x0621a0af  gen=ok sail= ok  spike= ok  qemu= -- 
PASS  amoadd.w.rl    0x800201b7+0x02019193+0x0201d193+0x0221a0af  gen=ok sail= ok  spike= ok  qemu= -- 
NOENC amoand.b                               no such mnemonic at either XLEN (mnemonic-table cross-product artifact) -- not a failure
NOENC amoand.b.aq                            no such mnemonic at either XLEN (mnemonic-table cross-product artifact) -- not a failure
NOENC amoand.b.aqrl                          no such mnemonic at either XLEN (mnemonic-table cross-product artifact) -- not a failure
NOENC amoand.b.rl                            no such mnemonic at either XLEN (mnemonic-table cross-product artifact) -- not a failure
PASS  amoand.d       0x800201b7+0x02019193+0x0201d193+0x6021b0af  gen=ok sail= ok  spike= ok  qemu= -- 
PASS  amoand.d.aq    0x800201b7+0x02019193+0x0201d193+0x6421b0af  gen=ok sail= ok  spike= ok  qemu= -- 
PASS  amoand.d.aqrl  0x800201b7+0x02019193+0x0201d193+0x6621b0af  gen=ok sail= ok  spike= ok  qemu= -- 
PASS  amoand.d.rl    0x800201b7+0x02019193+0x0201d193+0x6221b0af  gen=ok sail= ok  spike= ok  qemu= -- 
NOENC amoand.h                               no such mnemonic at either XLEN (mnemonic-table cross-product artifact) -- not a failure
NOENC amoand.h.aq                            no such mnemonic at either XLEN (mnemonic-table cross-product artifact) -- not a failure
NOENC amoand.h.aqrl                          no such mnemonic at either XLEN (mnemonic-table cross-product artifact) -- not a failure
NOENC amoand.h.rl                            no such mnemonic at either XLEN (mnemonic-table cross-product artifact) -- not a failure
NOENC amoand.q                               no such mnemonic at either XLEN (mnemonic-table cross-product artifact) -- not a failure
NOENC amoand.q.aq                            no such mnemonic at either XLEN (mnemonic-table cross-product artifact) -- not a failure
NOENC amoand.q.aqrl                          no such mnemonic at either XLEN (mnemonic-table cross-product artifact) -- not a failure
NOENC amoand.q.rl                            no such mnemonic at either XLEN (mnemonic-table cross-product artifact) -- not a failure
PASS  amoand.w       0x800201b7+0x02019193+0x0201d193+0x6021a0af  gen=ok sail= ok  spike= ok  qemu= -- 
PASS  amoand.w.aq    0x800201b7+0x02019193+0x0201d193+0x6421a0af  gen=ok sail= ok  spike= ok  qemu= -- 
PASS  amoand.w.aqrl  0x800201b7+0x02019193+0x0201d193+0x6621a0af  gen=ok sail= ok  spike= ok  qemu= -- 
PASS  amoand.w.rl    0x800201b7+0x02019193+0x0201d193+0x6221a0af  gen=ok sail= ok  spike= ok  qemu= -- 
NOENC amocas.b                               no such mnemonic at either XLEN (mnemonic-table cross-product artifact) -- not a failure
NOENC amocas.b.aq                            no such mnemonic at either XLEN (mnemonic-table cross-product artifact) -- not a failure
NOENC amocas.b.aqrl                          no such mnemonic at either XLEN (mnemonic-table cross-product artifact) -- not a failure
NOENC amocas.b.rl                            no such mnemonic at either XLEN (mnemonic-table cross-product artifact) -- not a failure
NOENC amocas.d                               no such mnemonic at either XLEN (mnemonic-table cross-product artifact) -- not a failure
NOENC amocas.d.aq                            no such mnemonic at either XLEN (mnemonic-table cross-product artifact) -- not a failure
NOENC amocas.d.aqrl                          no such mnemonic at either XLEN (mnemonic-table cross-product artifact) -- not a failure
NOENC amocas.d.rl                            no such mnemonic at either XLEN (mnemonic-table cross-product artifact) -- not a failure
NOENC amocas.h                               no such mnemonic at either XLEN (mnemonic-table cross-product artifact) -- not a failure
NOENC amocas.h.aq                            no such mnemonic at either XLEN (mnemonic-table cross-product artifact) -- not a failure
NOENC amocas.h.aqrl                          no such mnemonic at either XLEN (mnemonic-table cross-product artifact) -- not a failure
NOENC amocas.h.rl                            no such mnemonic at either XLEN (mnemonic-table cross-product artifact) -- not a failure
NOENC amocas.q                               no such mnemonic at either XLEN (mnemonic-table cross-product artifact) -- not a failure
NOENC amocas.q.aq                            no such mnemonic at either XLEN (mnemonic-table cross-product artifact) -- not a failure
NOENC amocas.q.aqrl                          no such mnemonic at either XLEN (mnemonic-table cross-product artifact) -- not a failure
NOENC amocas.q.rl                            no such mnemonic at either XLEN (mnemonic-table cross-product artifact) -- not a failure
NOENC amocas.w                               no such mnemonic at either XLEN (mnemonic-table cross-product artifact) -- not a failure
NOENC amocas.w.aq                            no such mnemonic at either XLEN (mnemonic-table cross-product artifact) -- not a failure
NOENC amocas.w.aqrl                          no such mnemonic at either XLEN (mnemonic-table cross-product artifact) -- not a failure
NOENC amocas.w.rl                            no such mnemonic at either XLEN (mnemonic-table cross-product artifact) -- not a failure
NOENC amomax.b                               no such mnemonic at either XLEN (mnemonic-table cross-product artifact) -- not a failure
NOENC amomax.b.aq                            no such mnemonic at either XLEN (mnemonic-table cross-product artifact) -- not a failure
NOENC amomax.b.aqrl                          no such mnemonic at either XLEN (mnemonic-table cross-product artifact) -- not a failure
NOENC amomax.b.rl                            no such mnemonic at either XLEN (mnemonic-table cross-product artifact) -- not a failure
PASS  amomax.d       0x800201b7+0x02019193+0x0201d193+0xa021b0af  gen=ok sail= ok  spike= ok  qemu= -- 
PASS  amomax.d.aq    0x800201b7+0x02019193+0x0201d193+0xa421b0af  gen=ok sail= ok  spike= ok  qemu= -- 
PASS  amomax.d.aqrl  0x800201b7+0x02019193+0x0201d193+0xa621b0af  gen=ok sail= ok  spike= ok  qemu= -- 
PASS  amomax.d.rl    0x800201b7+0x02019193+0x0201d193+0xa221b0af  gen=ok sail= ok  spike= ok  qemu= -- 
NOENC amomax.h                               no such mnemonic at either XLEN (mnemonic-table cross-product artifact) -- not a failure
NOENC amomax.h.aq                            no such mnemonic at either XLEN (mnemonic-table cross-product artifact) -- not a failure
NOENC amomax.h.aqrl                          no such mnemonic at either XLEN (mnemonic-table cross-product artifact) -- not a failure
NOENC amomax.h.rl                            no such mnemonic at either XLEN (mnemonic-table cross-product artifact) -- not a failure
NOENC amomax.q                               no such mnemonic at either XLEN (mnemonic-table cross-product artifact) -- not a failure
NOENC amomax.q.aq                            no such mnemonic at either XLEN (mnemonic-table cross-product artifact) -- not a failure
NOENC amomax.q.aqrl                          no such mnemonic at either XLEN (mnemonic-table cross-product artifact) -- not a failure
NOENC amomax.q.rl                            no such mnemonic at either XLEN (mnemonic-table cross-product artifact) -- not a failure
PASS  amomax.w       0x800201b7+0x02019193+0x0201d193+0xa021a0af  gen=ok sail= ok  spike= ok  qemu= -- 
PASS  amomax.w.aq    0x800201b7+0x02019193+0x0201d193+0xa421a0af  gen=ok sail= ok  spike= ok  qemu= -- 
PASS  amomax.w.aqrl  0x800201b7+0x02019193+0x0201d193+0xa621a0af  gen=ok sail= ok  spike= ok  qemu= -- 
PASS  amomax.w.rl    0x800201b7+0x02019193+0x0201d193+0xa221a0af  gen=ok sail= ok  spike= ok  qemu= -- 
NOENC amomaxu.b                              no such mnemonic at either XLEN (mnemonic-table cross-product artifact) -- not a failure
NOENC amomaxu.b.aq                           no such mnemonic at either XLEN (mnemonic-table cross-product artifact) -- not a failure
NOENC amomaxu.b.aqrl                         no such mnemonic at either XLEN (mnemonic-table cross-product artifact) -- not a failure
NOENC amomaxu.b.rl                           no such mnemonic at either XLEN (mnemonic-table cross-product artifact) -- not a failure
PASS  amomaxu.d      0x800201b7+0x02019193+0x0201d193+0xe021b0af  gen=ok sail= ok  spike= ok  qemu= -- 
PASS  amomaxu.d.aq   0x800201b7+0x02019193+0x0201d193+0xe421b0af  gen=ok sail= ok  spike= ok  qemu= -- 
PASS  amomaxu.d.aqrl 0x800201b7+0x02019193+0x0201d193+0xe621b0af  gen=ok sail= ok  spike= ok  qemu= -- 
PASS  amomaxu.d.rl   0x800201b7+0x02019193+0x0201d193+0xe221b0af  gen=ok sail= ok  spike= ok  qemu= -- 
NOENC amomaxu.h                              no such mnemonic at either XLEN (mnemonic-table cross-product artifact) -- not a failure
NOENC amomaxu.h.aq                           no such mnemonic at either XLEN (mnemonic-table cross-product artifact) -- not a failure
NOENC amomaxu.h.aqrl                         no such mnemonic at either XLEN (mnemonic-table cross-product artifact) -- not a failure
NOENC amomaxu.h.rl                           no such mnemonic at either XLEN (mnemonic-table cross-product artifact) -- not a failure
NOENC amomaxu.q                              no such mnemonic at either XLEN (mnemonic-table cross-product artifact) -- not a failure
NOENC amomaxu.q.aq                           no such mnemonic at either XLEN (mnemonic-table cross-product artifact) -- not a failure
NOENC amomaxu.q.aqrl                         no such mnemonic at either XLEN (mnemonic-table cross-product artifact) -- not a failure
NOENC amomaxu.q.rl                           no such mnemonic at either XLEN (mnemonic-table cross-product artifact) -- not a failure
PASS  amomaxu.w      0x800201b7+0x02019193+0x0201d193+0xe021a0af  gen=ok sail= ok  spike= ok  qemu= -- 
PASS  amomaxu.w.aq   0x800201b7+0x02019193+0x0201d193+0xe421a0af  gen=ok sail= ok  spike= ok  qemu= -- 
PASS  amomaxu.w.aqrl 0x800201b7+0x02019193+0x0201d193+0xe621a0af  gen=ok sail= ok  spike= ok  qemu= -- 
PASS  amomaxu.w.rl   0x800201b7+0x02019193+0x0201d193+0xe221a0af  gen=ok sail= ok  spike= ok  qemu= -- 
NOENC amomin.b                               no such mnemonic at either XLEN (mnemonic-table cross-product artifact) -- not a failure
NOENC amomin.b.aq                            no such mnemonic at either XLEN (mnemonic-table cross-product artifact) -- not a failure
NOENC amomin.b.aqrl                          no such mnemonic at either XLEN (mnemonic-table cross-product artifact) -- not a failure
NOENC amomin.b.rl                            no such mnemonic at either XLEN (mnemonic-table cross-product artifact) -- not a failure
PASS  amomin.d       0x800201b7+0x02019193+0x0201d193+0x8021b0af  gen=ok sail= ok  spike= ok  qemu= -- 
PASS  amomin.d.aq    0x800201b7+0x02019193+0x0201d193+0x8421b0af  gen=ok sail= ok  spike= ok  qemu= -- 
PASS  amomin.d.aqrl  0x800201b7+0x02019193+0x0201d193+0x8621b0af  gen=ok sail= ok  spike= ok  qemu= -- 
PASS  amomin.d.rl    0x800201b7+0x02019193+0x0201d193+0x8221b0af  gen=ok sail= ok  spike= ok  qemu= -- 
NOENC amomin.h                               no such mnemonic at either XLEN (mnemonic-table cross-product artifact) -- not a failure
NOENC amomin.h.aq                            no such mnemonic at either XLEN (mnemonic-table cross-product artifact) -- not a failure
NOENC amomin.h.aqrl                          no such mnemonic at either XLEN (mnemonic-table cross-product artifact) -- not a failure
NOENC amomin.h.rl                            no such mnemonic at either XLEN (mnemonic-table cross-product artifact) -- not a failure
NOENC amomin.q                               no such mnemonic at either XLEN (mnemonic-table cross-product artifact) -- not a failure
NOENC amomin.q.aq                            no such mnemonic at either XLEN (mnemonic-table cross-product artifact) -- not a failure
NOENC amomin.q.aqrl                          no such mnemonic at either XLEN (mnemonic-table cross-product artifact) -- not a failure
NOENC amomin.q.rl                            no such mnemonic at either XLEN (mnemonic-table cross-product artifact) -- not a failure
PASS  amomin.w       0x800201b7+0x02019193+0x0201d193+0x8021a0af  gen=ok sail= ok  spike= ok  qemu= -- 
PASS  amomin.w.aq    0x800201b7+0x02019193+0x0201d193+0x8421a0af  gen=ok sail= ok  spike= ok  qemu= -- 
PASS  amomin.w.aqrl  0x800201b7+0x02019193+0x0201d193+0x8621a0af  gen=ok sail= ok  spike= ok  qemu= -- 
PASS  amomin.w.rl    0x800201b7+0x02019193+0x0201d193+0x8221a0af  gen=ok sail= ok  spike= ok  qemu= -- 
NOENC amominu.b                              no such mnemonic at either XLEN (mnemonic-table cross-product artifact) -- not a failure
NOENC amominu.b.aq                           no such mnemonic at either XLEN (mnemonic-table cross-product artifact) -- not a failure
NOENC amominu.b.aqrl                         no such mnemonic at either XLEN (mnemonic-table cross-product artifact) -- not a failure
NOENC amominu.b.rl                           no such mnemonic at either XLEN (mnemonic-table cross-product artifact) -- not a failure
PASS  amominu.d      0x800201b7+0x02019193+0x0201d193+0xc021b0af  gen=ok sail= ok  spike= ok  qemu= -- 
PASS  amominu.d.aq   0x800201b7+0x02019193+0x0201d193+0xc421b0af  gen=ok sail= ok  spike= ok  qemu= -- 
PASS  amominu.d.aqrl 0x800201b7+0x02019193+0x0201d193+0xc621b0af  gen=ok sail= ok  spike= ok  qemu= -- 
PASS  amominu.d.rl   0x800201b7+0x02019193+0x0201d193+0xc221b0af  gen=ok sail= ok  spike= ok  qemu= -- 
NOENC amominu.h                              no such mnemonic at either XLEN (mnemonic-table cross-product artifact) -- not a failure
NOENC amominu.h.aq                           no such mnemonic at either XLEN (mnemonic-table cross-product artifact) -- not a failure
NOENC amominu.h.aqrl                         no such mnemonic at either XLEN (mnemonic-table cross-product artifact) -- not a failure
NOENC amominu.h.rl                           no such mnemonic at either XLEN (mnemonic-table cross-product artifact) -- not a failure
NOENC amominu.q                              no such mnemonic at either XLEN (mnemonic-table cross-product artifact) -- not a failure
NOENC amominu.q.aq                           no such mnemonic at either XLEN (mnemonic-table cross-product artifact) -- not a failure
NOENC amominu.q.aqrl                         no such mnemonic at either XLEN (mnemonic-table cross-product artifact) -- not a failure
NOENC amominu.q.rl                           no such mnemonic at either XLEN (mnemonic-table cross-product artifact) -- not a failure
PASS  amominu.w      0x800201b7+0x02019193+0x0201d193+0xc021a0af  gen=ok sail= ok  spike= ok  qemu= -- 
PASS  amominu.w.aq   0x800201b7+0x02019193+0x0201d193+0xc421a0af  gen=ok sail= ok  spike= ok  qemu= -- 
PASS  amominu.w.aqrl 0x800201b7+0x02019193+0x0201d193+0xc621a0af  gen=ok sail= ok  spike= ok  qemu= -- 
PASS  amominu.w.rl   0x800201b7+0x02019193+0x0201d193+0xc221a0af  gen=ok sail= ok  spike= ok  qemu= -- 
NOENC amoor.b                                no such mnemonic at either XLEN (mnemonic-table cross-product artifact) -- not a failure
NOENC amoor.b.aq                             no such mnemonic at either XLEN (mnemonic-table cross-product artifact) -- not a failure
NOENC amoor.b.aqrl                           no such mnemonic at either XLEN (mnemonic-table cross-product artifact) -- not a failure
NOENC amoor.b.rl                             no such mnemonic at either XLEN (mnemonic-table cross-product artifact) -- not a failure
PASS  amoor.d        0x800201b7+0x02019193+0x0201d193+0x4021b0af  gen=ok sail= ok  spike= ok  qemu= -- 
PASS  amoor.d.aq     0x800201b7+0x02019193+0x0201d193+0x4421b0af  gen=ok sail= ok  spike= ok  qemu= -- 
PASS  amoor.d.aqrl   0x800201b7+0x02019193+0x0201d193+0x4621b0af  gen=ok sail= ok  spike= ok  qemu= -- 
PASS  amoor.d.rl     0x800201b7+0x02019193+0x0201d193+0x4221b0af  gen=ok sail= ok  spike= ok  qemu= -- 
NOENC amoor.h                                no such mnemonic at either XLEN (mnemonic-table cross-product artifact) -- not a failure
NOENC amoor.h.aq                             no such mnemonic at either XLEN (mnemonic-table cross-product artifact) -- not a failure
NOENC amoor.h.aqrl                           no such mnemonic at either XLEN (mnemonic-table cross-product artifact) -- not a failure
NOENC amoor.h.rl                             no such mnemonic at either XLEN (mnemonic-table cross-product artifact) -- not a failure
NOENC amoor.q                                no such mnemonic at either XLEN (mnemonic-table cross-product artifact) -- not a failure
NOENC amoor.q.aq                             no such mnemonic at either XLEN (mnemonic-table cross-product artifact) -- not a failure
NOENC amoor.q.aqrl                           no such mnemonic at either XLEN (mnemonic-table cross-product artifact) -- not a failure
NOENC amoor.q.rl                             no such mnemonic at either XLEN (mnemonic-table cross-product artifact) -- not a failure
PASS  amoor.w        0x800201b7+0x02019193+0x0201d193+0x4021a0af  gen=ok sail= ok  spike= ok  qemu= -- 
PASS  amoor.w.aq     0x800201b7+0x02019193+0x0201d193+0x4421a0af  gen=ok sail= ok  spike= ok  qemu= -- 
PASS  amoor.w.aqrl   0x800201b7+0x02019193+0x0201d193+0x4621a0af  gen=ok sail= ok  spike= ok  qemu= -- 
PASS  amoor.w.rl     0x800201b7+0x02019193+0x0201d193+0x4221a0af  gen=ok sail= ok  spike= ok  qemu= -- 
NOENC amoswap.b                              no such mnemonic at either XLEN (mnemonic-table cross-product artifact) -- not a failure
NOENC amoswap.b.aq                           no such mnemonic at either XLEN (mnemonic-table cross-product artifact) -- not a failure
NOENC amoswap.b.aqrl                         no such mnemonic at either XLEN (mnemonic-table cross-product artifact) -- not a failure
NOENC amoswap.b.rl                           no such mnemonic at either XLEN (mnemonic-table cross-product artifact) -- not a failure
PASS  amoswap.d      0x800201b7+0x02019193+0x0201d193+0x0821b0af  gen=ok sail= ok  spike= ok  qemu= -- 
PASS  amoswap.d.aq   0x800201b7+0x02019193+0x0201d193+0x0c21b0af  gen=ok sail= ok  spike= ok  qemu= -- 
PASS  amoswap.d.aqrl 0x800201b7+0x02019193+0x0201d193+0x0e21b0af  gen=ok sail= ok  spike= ok  qemu= -- 
PASS  amoswap.d.rl   0x800201b7+0x02019193+0x0201d193+0x0a21b0af  gen=ok sail= ok  spike= ok  qemu= -- 
NOENC amoswap.h                              no such mnemonic at either XLEN (mnemonic-table cross-product artifact) -- not a failure
NOENC amoswap.h.aq                           no such mnemonic at either XLEN (mnemonic-table cross-product artifact) -- not a failure
NOENC amoswap.h.aqrl                         no such mnemonic at either XLEN (mnemonic-table cross-product artifact) -- not a failure
NOENC amoswap.h.rl                           no such mnemonic at either XLEN (mnemonic-table cross-product artifact) -- not a failure
NOENC amoswap.q                              no such mnemonic at either XLEN (mnemonic-table cross-product artifact) -- not a failure
NOENC amoswap.q.aq                           no such mnemonic at either XLEN (mnemonic-table cross-product artifact) -- not a failure
NOENC amoswap.q.aqrl                         no such mnemonic at either XLEN (mnemonic-table cross-product artifact) -- not a failure
NOENC amoswap.q.rl                           no such mnemonic at either XLEN (mnemonic-table cross-product artifact) -- not a failure
PASS  amoswap.w      0x800201b7+0x02019193+0x0201d193+0x0821a0af  gen=ok sail= ok  spike= ok  qemu= -- 
PASS  amoswap.w.aq   0x800201b7+0x02019193+0x0201d193+0x0c21a0af  gen=ok sail= ok  spike= ok  qemu= -- 
PASS  amoswap.w.aqrl 0x800201b7+0x02019193+0x0201d193+0x0e21a0af  gen=ok sail= ok  spike= ok  qemu= -- 
PASS  amoswap.w.rl   0x800201b7+0x02019193+0x0201d193+0x0a21a0af  gen=ok sail= ok  spike= ok  qemu= -- 
NOENC amoxor.b                               no such mnemonic at either XLEN (mnemonic-table cross-product artifact) -- not a failure
NOENC amoxor.b.aq                            no such mnemonic at either XLEN (mnemonic-table cross-product artifact) -- not a failure
NOENC amoxor.b.aqrl                          no such mnemonic at either XLEN (mnemonic-table cross-product artifact) -- not a failure
NOENC amoxor.b.rl                            no such mnemonic at either XLEN (mnemonic-table cross-product artifact) -- not a failure
PASS  amoxor.d       0x800201b7+0x02019193+0x0201d193+0x2021b0af  gen=ok sail= ok  spike= ok  qemu= -- 
PASS  amoxor.d.aq    0x800201b7+0x02019193+0x0201d193+0x2421b0af  gen=ok sail= ok  spike= ok  qemu= -- 
PASS  amoxor.d.aqrl  0x800201b7+0x02019193+0x0201d193+0x2621b0af  gen=ok sail= ok  spike= ok  qemu= -- 
PASS  amoxor.d.rl    0x800201b7+0x02019193+0x0201d193+0x2221b0af  gen=ok sail= ok  spike= ok  qemu= -- 
NOENC amoxor.h                               no such mnemonic at either XLEN (mnemonic-table cross-product artifact) -- not a failure
NOENC amoxor.h.aq                            no such mnemonic at either XLEN (mnemonic-table cross-product artifact) -- not a failure
NOENC amoxor.h.aqrl                          no such mnemonic at either XLEN (mnemonic-table cross-product artifact) -- not a failure
NOENC amoxor.h.rl                            no such mnemonic at either XLEN (mnemonic-table cross-product artifact) -- not a failure
NOENC amoxor.q                               no such mnemonic at either XLEN (mnemonic-table cross-product artifact) -- not a failure
NOENC amoxor.q.aq                            no such mnemonic at either XLEN (mnemonic-table cross-product artifact) -- not a failure
NOENC amoxor.q.aqrl                          no such mnemonic at either XLEN (mnemonic-table cross-product artifact) -- not a failure
NOENC amoxor.q.rl                            no such mnemonic at either XLEN (mnemonic-table cross-product artifact) -- not a failure
PASS  amoxor.w       0x800201b7+0x02019193+0x0201d193+0x2021a0af  gen=ok sail= ok  spike= ok  qemu= -- 
PASS  amoxor.w.aq    0x800201b7+0x02019193+0x0201d193+0x2421a0af  gen=ok sail= ok  spike= ok  qemu= -- 
PASS  amoxor.w.aqrl  0x800201b7+0x02019193+0x0201d193+0x2621a0af  gen=ok sail= ok  spike= ok  qemu= -- 
PASS  amoxor.w.rl    0x800201b7+0x02019193+0x0201d193+0x2221a0af  gen=ok sail= ok  spike= ok  qemu= -- 
NOENC lr.b                                   no such mnemonic at either XLEN (mnemonic-table cross-product artifact) -- not a failure
NOENC lr.b.aq                                no such mnemonic at either XLEN (mnemonic-table cross-product artifact) -- not a failure
NOENC lr.b.aqrl                              no such mnemonic at either XLEN (mnemonic-table cross-product artifact) -- not a failure
NOENC lr.b.rl                                no such mnemonic at either XLEN (mnemonic-table cross-product artifact) -- not a failure
PASS  lr.d           0x80020137+0x02011113+0x02015113+0x100130af  gen=ok sail= ok  spike= ok  qemu= -- 
PASS  lr.d.aq        0x80020137+0x02011113+0x02015113+0x140130af  gen=ok sail= ok  spike= ok  qemu= -- 
PASS  lr.d.aqrl      0x80020137+0x02011113+0x02015113+0x160130af  gen=ok sail= ok  spike= ok  qemu= -- 
PASS  lr.d.rl        0x80020137+0x02011113+0x02015113+0x120130af  gen=ok sail= ok  spike= ok  qemu= -- 
NOENC lr.h                                   no such mnemonic at either XLEN (mnemonic-table cross-product artifact) -- not a failure
NOENC lr.h.aq                                no such mnemonic at either XLEN (mnemonic-table cross-product artifact) -- not a failure
NOENC lr.h.aqrl                              no such mnemonic at either XLEN (mnemonic-table cross-product artifact) -- not a failure
NOENC lr.h.rl                                no such mnemonic at either XLEN (mnemonic-table cross-product artifact) -- not a failure
PASS  lr.w           0x80020137+0x02011113+0x02015113+0x100120af  gen=ok sail= ok  spike= ok  qemu= -- 
PASS  lr.w.aq        0x80020137+0x02011113+0x02015113+0x140120af  gen=ok sail= ok  spike= ok  qemu= -- 
PASS  lr.w.aqrl      0x80020137+0x02011113+0x02015113+0x160120af  gen=ok sail= ok  spike= ok  qemu= -- 
PASS  lr.w.rl        0x80020137+0x02011113+0x02015113+0x120120af  gen=ok sail= ok  spike= ok  qemu= -- 
NOENC sc.b                                   no such mnemonic at either XLEN (mnemonic-table cross-product artifact) -- not a failure
NOENC sc.b.aq                                no such mnemonic at either XLEN (mnemonic-table cross-product artifact) -- not a failure
NOENC sc.b.aqrl                              no such mnemonic at either XLEN (mnemonic-table cross-product artifact) -- not a failure
NOENC sc.b.rl                                no such mnemonic at either XLEN (mnemonic-table cross-product artifact) -- not a failure
PASS  sc.d           0x800201b7+0x02019193+0x0201d193+0x1821b0af  gen=ok sail= ok  spike= ok  qemu= -- 
PASS  sc.d.aq        0x800201b7+0x02019193+0x0201d193+0x1c21b0af  gen=ok sail= ok  spike= ok  qemu= -- 
PASS  sc.d.aqrl      0x800201b7+0x02019193+0x0201d193+0x1e21b0af  gen=ok sail= ok  spike= ok  qemu= -- 
PASS  sc.d.rl        0x800201b7+0x02019193+0x0201d193+0x1a21b0af  gen=ok sail= ok  spike= ok  qemu= -- 
NOENC sc.h                                   no such mnemonic at either XLEN (mnemonic-table cross-product artifact) -- not a failure
NOENC sc.h.aq                                no such mnemonic at either XLEN (mnemonic-table cross-product artifact) -- not a failure
NOENC sc.h.aqrl                              no such mnemonic at either XLEN (mnemonic-table cross-product artifact) -- not a failure
NOENC sc.h.rl                                no such mnemonic at either XLEN (mnemonic-table cross-product artifact) -- not a failure
PASS  sc.w           0x800201b7+0x02019193+0x0201d193+0x1821a0af  gen=ok sail= ok  spike= ok  qemu= -- 
PASS  sc.w.aq        0x800201b7+0x02019193+0x0201d193+0x1c21a0af  gen=ok sail= ok  spike= ok  qemu= -- 
PASS  sc.w.aqrl      0x800201b7+0x02019193+0x0201d193+0x1e21a0af  gen=ok sail= ok  spike= ok  qemu= -- 
PASS  sc.w.rl        0x800201b7+0x02019193+0x0201d193+0x1a21a0af  gen=ok sail= ok  spike= ok  qemu= -- 

88/88 instructions: parsed from the model, generated, and passing on every available simulator (ok/FAIL/-- = pass/fail/not run)
  (144 not real mnemonics, not counted above: amoadd.b, amoadd.b.aq, amoadd.b.aqrl, amoadd.b.rl, amoadd.h, amoadd.h.aq, amoadd.h.aqrl, amoadd.h.rl, amoadd.q, amoadd.q.aq, amoadd.q.aqrl, amoadd.q.rl, amoand.b, amoand.b.aq, amoand.b.aqrl, amoand.b.rl, amoand.h, amoand.h.aq, amoand.h.aqrl, amoand.h.rl, amoand.q, amoand.q.aq, amoand.q.aqrl, amoand.q.rl, amocas.b, amocas.b.aq, amocas.b.aqrl, amocas.b.rl, amocas.d, amocas.d.aq, amocas.d.aqrl, amocas.d.rl, amocas.h, amocas.h.aq, amocas.h.aqrl, amocas.h.rl, amocas.q, amocas.q.aq, amocas.q.aqrl, amocas.q.rl, amocas.w, amocas.w.aq, amocas.w.aqrl, amocas.w.rl, amomax.b, amomax.b.aq, amomax.b.aqrl, amomax.b.rl, amomax.h, amomax.h.aq, amomax.h.aqrl, amomax.h.rl, amomax.q, amomax.q.aq, amomax.q.aqrl, amomax.q.rl, amomaxu.b, amomaxu.b.aq, amomaxu.b.aqrl, amomaxu.b.rl, amomaxu.h, amomaxu.h.aq, amomaxu.h.aqrl, amomaxu.h.rl, amomaxu.q, amomaxu.q.aq, amomaxu.q.aqrl, amomaxu.q.rl, amomin.b, amomin.b.aq, amomin.b.aqrl, amomin.b.rl, amomin.h, amomin.h.aq, amomin.h.aqrl, amomin.h.rl, amomin.q, amomin.q.aq, amomin.q.aqrl, amomin.q.rl, amominu.b, amominu.b.aq, amominu.b.aqrl, amominu.b.rl, amominu.h, amominu.h.aq, amominu.h.aqrl, amominu.h.rl, amominu.q, amominu.q.aq, amominu.q.aqrl, amominu.q.rl, amoor.b, amoor.b.aq, amoor.b.aqrl, amoor.b.rl, amoor.h, amoor.h.aq, amoor.h.aqrl, amoor.h.rl, amoor.q, amoor.q.aq, amoor.q.aqrl, amoor.q.rl, amoswap.b, amoswap.b.aq, amoswap.b.aqrl, amoswap.b.rl, amoswap.h, amoswap.h.aq, amoswap.h.aqrl, amoswap.h.rl, amoswap.q, amoswap.q.aq, amoswap.q.aqrl, amoswap.q.rl, amoxor.b, amoxor.b.aq, amoxor.b.aqrl, amoxor.b.rl, amoxor.h, amoxor.h.aq, amoxor.h.aqrl, amoxor.h.rl, amoxor.q, amoxor.q.aq, amoxor.q.aqrl, amoxor.q.rl, lr.b, lr.b.aq, lr.b.aqrl, lr.b.rl, lr.h, lr.h.aq, lr.h.aqrl, lr.h.rl, sc.b, sc.b.aq, sc.b.aqrl, sc.b.rl, sc.h, sc.h.aq, sc.h.aqrl, sc.h.rl)
  sail   88 pass, 0 fail, 0 not installed
  spike  88 pass, 0 fail, 0 not installed
  qemu   0 pass, 0 fail, 88 not installed

========================================================================
== Zifencei RV32  (M5)
========================================================================
# extension=Zifencei march_ext=zifencei_zicsr out_dir=/tmp/sweep-final/Zifencei
PASS  fence.i        0x0000100f              gen=ok sail= ok  spike= ok  qemu= -- 

1/1 instructions: parsed from the model, generated, and passing on every available simulator (ok/FAIL/-- = pass/fail/not run)
  sail   1 pass, 0 fail, 0 not installed
  spike  1 pass, 0 fail, 0 not installed
  qemu   0 pass, 0 fail, 1 not installed

========================================================================
== Zifencei RV64  (M5)
========================================================================
# extension=Zifencei march_ext=zifencei_zicsr out_dir=/tmp/sweep-final/Zifencei
PASS  fence.i        0x0000100f              gen=ok sail= ok  spike= ok  qemu= -- 

1/1 instructions: parsed from the model, generated, and passing on every available simulator (ok/FAIL/-- = pass/fail/not run)
  sail   1 pass, 0 fail, 0 not installed
  spike  1 pass, 0 fail, 0 not installed
  qemu   0 pass, 0 fail, 1 not installed

========================================================================
== Zicond RV32  (M5)
========================================================================
# extension=Zicond march_ext=zicond_zicsr out_dir=/tmp/sweep-final/Zicond
PASS  czero.eqz      0x0e3150b3              gen=ok sail= ok  spike= ok  qemu= -- 
PASS  czero.nez      0x0e3170b3              gen=ok sail= ok  spike= ok  qemu= -- 

2/2 instructions: parsed from the model, generated, and passing on every available simulator (ok/FAIL/-- = pass/fail/not run)
  sail   2 pass, 0 fail, 0 not installed
  spike  2 pass, 0 fail, 0 not installed
  qemu   0 pass, 0 fail, 2 not installed

========================================================================
== Zicond RV64  (M5)
========================================================================
# extension=Zicond march_ext=zicond_zicsr out_dir=/tmp/sweep-final/Zicond
PASS  czero.eqz      0x0e3150b3              gen=ok sail= ok  spike= ok  qemu= -- 
PASS  czero.nez      0x0e3170b3              gen=ok sail= ok  spike= ok  qemu= -- 

2/2 instructions: parsed from the model, generated, and passing on every available simulator (ok/FAIL/-- = pass/fail/not run)
  sail   2 pass, 0 fail, 0 not installed
  spike  2 pass, 0 fail, 0 not installed
  qemu   0 pass, 0 fail, 2 not installed

========================================================================
== Zawrs RV32  (M5)
========================================================================
# extension=Zawrs march_ext=zawrs_zicsr out_dir=/tmp/sweep-final/Zawrs
PASS  wrs.nto        0x00d00073              gen=ok sail= ok  spike= ok  qemu= -- 
PASS  wrs.sto        0x01d00073              gen=ok sail= ok  spike= ok  qemu= -- 

2/2 instructions: parsed from the model, generated, and passing on every available simulator (ok/FAIL/-- = pass/fail/not run)
  sail   2 pass, 0 fail, 0 not installed
  spike  2 pass, 0 fail, 0 not installed
  qemu   0 pass, 0 fail, 2 not installed

========================================================================
== Zawrs RV64  (M5)
========================================================================
# extension=Zawrs march_ext=zawrs_zicsr out_dir=/tmp/sweep-final/Zawrs
PASS  wrs.nto        0x00d00073              gen=ok sail= ok  spike= ok  qemu= -- 
PASS  wrs.sto        0x01d00073              gen=ok sail= ok  spike= ok  qemu= -- 

2/2 instructions: parsed from the model, generated, and passing on every available simulator (ok/FAIL/-- = pass/fail/not run)
  sail   2 pass, 0 fail, 0 not installed
  spike  2 pass, 0 fail, 0 not installed
  qemu   0 pass, 0 fail, 2 not installed

========================================================================
== Zicbom RV32  (M5)
========================================================================
# extension=Zicbom march_ext=zicbom_zicsr out_dir=/tmp/sweep-final/Zicbom
PASS  cbo.clean      0x800200b7+0x0010a00f   gen=ok sail= ok  spike= ok  qemu= -- 
PASS  cbo.flush      0x800200b7+0x0020a00f   gen=ok sail= ok  spike= ok  qemu= -- 
PASS  cbo.inval      0x800200b7+0x0000a00f   gen=ok sail= ok  spike= ok  qemu= -- 

3/3 instructions: parsed from the model, generated, and passing on every available simulator (ok/FAIL/-- = pass/fail/not run)
  sail   3 pass, 0 fail, 0 not installed
  spike  3 pass, 0 fail, 0 not installed
  qemu   0 pass, 0 fail, 3 not installed

========================================================================
== Zicbom RV64  (M5)
========================================================================
# extension=Zicbom march_ext=zicbom_zicsr out_dir=/tmp/sweep-final/Zicbom
PASS  cbo.clean      0x800200b7+0x02009093+0x0200d093+0x0010a00f  gen=ok sail= ok  spike= ok  qemu= -- 
PASS  cbo.flush      0x800200b7+0x02009093+0x0200d093+0x0020a00f  gen=ok sail= ok  spike= ok  qemu= -- 
PASS  cbo.inval      0x800200b7+0x02009093+0x0200d093+0x0000a00f  gen=ok sail= ok  spike= ok  qemu= -- 

3/3 instructions: parsed from the model, generated, and passing on every available simulator (ok/FAIL/-- = pass/fail/not run)
  sail   3 pass, 0 fail, 0 not installed
  spike  3 pass, 0 fail, 0 not installed
  qemu   0 pass, 0 fail, 3 not installed

========================================================================
== Zicbop RV32  (M5)
========================================================================
# extension=Zicbop march_ext=zicbop_zicsr out_dir=/tmp/sweep-final/Zicbop
PASS  prefetch.i     0x800200b7+0x0000e013   gen=ok sail= ok  spike= ok  qemu= -- 
PASS  prefetch.r     0x800200b7+0x0010e013   gen=ok sail= ok  spike= ok  qemu= -- 
PASS  prefetch.w     0x800200b7+0x0030e013   gen=ok sail= ok  spike= ok  qemu= -- 

3/3 instructions: parsed from the model, generated, and passing on every available simulator (ok/FAIL/-- = pass/fail/not run)
  sail   3 pass, 0 fail, 0 not installed
  spike  3 pass, 0 fail, 0 not installed
  qemu   0 pass, 0 fail, 3 not installed

========================================================================
== Zicbop RV64  (M5)
========================================================================
# extension=Zicbop march_ext=zicbop_zicsr out_dir=/tmp/sweep-final/Zicbop
PASS  prefetch.i     0x800200b7+0x02009093+0x0200d093+0x0000e013  gen=ok sail= ok  spike= ok  qemu= -- 
PASS  prefetch.r     0x800200b7+0x02009093+0x0200d093+0x0010e013  gen=ok sail= ok  spike= ok  qemu= -- 
PASS  prefetch.w     0x800200b7+0x02009093+0x0200d093+0x0030e013  gen=ok sail= ok  spike= ok  qemu= -- 

3/3 instructions: parsed from the model, generated, and passing on every available simulator (ok/FAIL/-- = pass/fail/not run)
  sail   3 pass, 0 fail, 0 not installed
  spike  3 pass, 0 fail, 0 not installed
  qemu   0 pass, 0 fail, 3 not installed

========================================================================
== Zicboz RV32  (M5)
========================================================================
# extension=Zicboz march_ext=zicboz_zicsr out_dir=/tmp/sweep-final/Zicboz
PASS  cbo.zero       0x800200b7+0x0040a00f   gen=ok sail= ok  spike= ok  qemu= -- 

1/1 instructions: parsed from the model, generated, and passing on every available simulator (ok/FAIL/-- = pass/fail/not run)
  sail   1 pass, 0 fail, 0 not installed
  spike  1 pass, 0 fail, 0 not installed
  qemu   0 pass, 0 fail, 1 not installed

========================================================================
== Zicboz RV64  (M5)
========================================================================
# extension=Zicboz march_ext=zicboz_zicsr out_dir=/tmp/sweep-final/Zicboz
PASS  cbo.zero       0x800200b7+0x02009093+0x0200d093+0x0040a00f  gen=ok sail= ok  spike= ok  qemu= -- 

1/1 instructions: parsed from the model, generated, and passing on every available simulator (ok/FAIL/-- = pass/fail/not run)
  sail   1 pass, 0 fail, 0 not installed
  spike  1 pass, 0 fail, 0 not installed
  qemu   0 pass, 0 fail, 1 not installed

========================================================================
== Zihintntl RV32  (M5)
========================================================================
# extension=Zihintntl march_ext=zihintntl_zicsr out_dir=/tmp/sweep-final/Zihintntl
NOENC c.ntl.all                              no such mnemonic at either XLEN (mnemonic-table cross-product artifact) -- not a failure
NOENC c.ntl.p1                               no such mnemonic at either XLEN (mnemonic-table cross-product artifact) -- not a failure
NOENC c.ntl.pall                             no such mnemonic at either XLEN (mnemonic-table cross-product artifact) -- not a failure
NOENC c.ntl.s1                               no such mnemonic at either XLEN (mnemonic-table cross-product artifact) -- not a failure
PASS  ntl.all        0x00500033              gen=ok sail= ok  spike= ok  qemu= -- 
PASS  ntl.p1         0x00200033              gen=ok sail= ok  spike= ok  qemu= -- 
PASS  ntl.pall       0x00300033              gen=ok sail= ok  spike= ok  qemu= -- 
PASS  ntl.s1         0x00400033              gen=ok sail= ok  spike= ok  qemu= -- 

4/4 instructions: parsed from the model, generated, and passing on every available simulator (ok/FAIL/-- = pass/fail/not run)
  (4 not real mnemonics, not counted above: c.ntl.all, c.ntl.p1, c.ntl.pall, c.ntl.s1)
  sail   4 pass, 0 fail, 0 not installed
  spike  4 pass, 0 fail, 0 not installed
  qemu   0 pass, 0 fail, 4 not installed

========================================================================
== Zihintntl RV64  (M5)
========================================================================
# extension=Zihintntl march_ext=zihintntl_zicsr out_dir=/tmp/sweep-final/Zihintntl
NOENC c.ntl.all                              no such mnemonic at either XLEN (mnemonic-table cross-product artifact) -- not a failure
NOENC c.ntl.p1                               no such mnemonic at either XLEN (mnemonic-table cross-product artifact) -- not a failure
NOENC c.ntl.pall                             no such mnemonic at either XLEN (mnemonic-table cross-product artifact) -- not a failure
NOENC c.ntl.s1                               no such mnemonic at either XLEN (mnemonic-table cross-product artifact) -- not a failure
PASS  ntl.all        0x00500033              gen=ok sail= ok  spike= ok  qemu= -- 
PASS  ntl.p1         0x00200033              gen=ok sail= ok  spike= ok  qemu= -- 
PASS  ntl.pall       0x00300033              gen=ok sail= ok  spike= ok  qemu= -- 
PASS  ntl.s1         0x00400033              gen=ok sail= ok  spike= ok  qemu= -- 

4/4 instructions: parsed from the model, generated, and passing on every available simulator (ok/FAIL/-- = pass/fail/not run)
  (4 not real mnemonics, not counted above: c.ntl.all, c.ntl.p1, c.ntl.pall, c.ntl.s1)
  sail   4 pass, 0 fail, 0 not installed
  spike  4 pass, 0 fail, 0 not installed
  qemu   0 pass, 0 fail, 4 not installed

========================================================================
== Zihintpause RV32  (M5)
========================================================================
# extension=Zihintpause march_ext=zihintpause_zicsr out_dir=/tmp/sweep-final/Zihintpause
PASS  pause          0x0100000f              gen=ok sail= ok  spike= ok  qemu= -- 

1/1 instructions: parsed from the model, generated, and passing on every available simulator (ok/FAIL/-- = pass/fail/not run)
  sail   1 pass, 0 fail, 0 not installed
  spike  1 pass, 0 fail, 0 not installed
  qemu   0 pass, 0 fail, 1 not installed

========================================================================
== Zihintpause RV64  (M5)
========================================================================
# extension=Zihintpause march_ext=zihintpause_zicsr out_dir=/tmp/sweep-final/Zihintpause
PASS  pause          0x0100000f              gen=ok sail= ok  spike= ok  qemu= -- 

1/1 instructions: parsed from the model, generated, and passing on every available simulator (ok/FAIL/-- = pass/fail/not run)
  sail   1 pass, 0 fail, 0 not installed
  spike  1 pass, 0 fail, 0 not installed
  qemu   0 pass, 0 fail, 1 not installed

========================================================================
== Zimop RV32  (M5)
========================================================================
# extension=Zimop march_ext=zimop_zicsr out_dir=/tmp/sweep-final/Zimop
PASS  mop.r.1        0x81d140f3              gen=ok sail= ok  spike= ok  qemu= -- 
PASS  mop.rr.1       0x863140f3              gen=ok sail= ok  spike= ok  qemu= -- 

2/2 instructions: parsed from the model, generated, and passing on every available simulator (ok/FAIL/-- = pass/fail/not run)
  sail   2 pass, 0 fail, 0 not installed
  spike  2 pass, 0 fail, 0 not installed
  qemu   0 pass, 0 fail, 2 not installed

========================================================================
== Zimop RV64  (M5)
========================================================================
# extension=Zimop march_ext=zimop_zicsr out_dir=/tmp/sweep-final/Zimop
PASS  mop.r.1        0x81d140f3              gen=ok sail= ok  spike= ok  qemu= -- 
PASS  mop.rr.1       0x863140f3              gen=ok sail= ok  spike= ok  qemu= -- 

2/2 instructions: parsed from the model, generated, and passing on every available simulator (ok/FAIL/-- = pass/fail/not run)
  sail   2 pass, 0 fail, 0 not installed
  spike  2 pass, 0 fail, 0 not installed
  qemu   0 pass, 0 fail, 2 not installed

========================================================================
== Zcmop RV32  (M5)
========================================================================
# extension=Zcmop march_ext=zca_zcmop_zicsr out_dir=/tmp/sweep-final/Zcmop
PASS  c.mop.1        0x00006081              gen=ok sail= ok  spike= ok  qemu= -- 

1/1 instructions: parsed from the model, generated, and passing on every available simulator (ok/FAIL/-- = pass/fail/not run)
  sail   1 pass, 0 fail, 0 not installed
  spike  1 pass, 0 fail, 0 not installed
  qemu   0 pass, 0 fail, 1 not installed

========================================================================
== Zcmop RV64  (M5)
========================================================================
# extension=Zcmop march_ext=zca_zcmop_zicsr out_dir=/tmp/sweep-final/Zcmop
PASS  c.mop.1        0x00006081              gen=ok sail= ok  spike= ok  qemu= -- 

1/1 instructions: parsed from the model, generated, and passing on every available simulator (ok/FAIL/-- = pass/fail/not run)
  sail   1 pass, 0 fail, 0 not installed
  spike  1 pass, 0 fail, 0 not installed
  qemu   0 pass, 0 fail, 1 not installed

========================================================================
== cfi RV32  (M5)
========================================================================
# extension=cfi march_ext=zicfilp_zicfiss_zicsr out_dir=/tmp/sweep-final/cfi
NOENC c.sspopchk                             no such mnemonic at either XLEN (mnemonic-table cross-product artifact) -- not a failure
NOENC c.sspush                               no such mnemonic at either XLEN (mnemonic-table cross-product artifact) -- not a failure
PASS  lpad           0x00004017              gen=ok sail= ok  spike= ok  qemu= -- 
NOENC ssamoswap.b                            no such mnemonic at either XLEN (mnemonic-table cross-product artifact) -- not a failure
NOENC ssamoswap.b.aq                         no such mnemonic at either XLEN (mnemonic-table cross-product artifact) -- not a failure
NOENC ssamoswap.b.aqrl                         no such mnemonic at either XLEN (mnemonic-table cross-product artifact) -- not a failure
NOENC ssamoswap.b.rl                         no such mnemonic at either XLEN (mnemonic-table cross-product artifact) -- not a failure
SKIP  ssamoswap.d                            RV64-only (assembles for RV64, not RV32) -- not a failure
SKIP  ssamoswap.d.aq                         RV64-only (assembles for RV64, not RV32) -- not a failure
SKIP  ssamoswap.d.aqrl                         RV64-only (assembles for RV64, not RV32) -- not a failure
SKIP  ssamoswap.d.rl                         RV64-only (assembles for RV64, not RV32) -- not a failure
NOENC ssamoswap.h                            no such mnemonic at either XLEN (mnemonic-table cross-product artifact) -- not a failure
NOENC ssamoswap.h.aq                         no such mnemonic at either XLEN (mnemonic-table cross-product artifact) -- not a failure
NOENC ssamoswap.h.aqrl                         no such mnemonic at either XLEN (mnemonic-table cross-product artifact) -- not a failure
NOENC ssamoswap.h.rl                         no such mnemonic at either XLEN (mnemonic-table cross-product artifact) -- not a failure
FAIL  ssamoswap.w    0x800201b7+0x4821a0af   gen=ok sail=FAIL spike=FAIL qemu= --    <- sail: FAILURE: 1 (0x00000001); spike: *** FAILED *** (tohost = 1)
FAIL  ssamoswap.w.aq 0x800201b7+0x4c21a0af   gen=ok sail=FAIL spike=FAIL qemu= --    <- sail: FAILURE: 1 (0x00000001); spike: *** FAILED *** (tohost = 1)
FAIL  ssamoswap.w.aqrl 0x800201b7+0x4e21a0af   gen=ok sail=FAIL spike=FAIL qemu= --    <- sail: FAILURE: 1 (0x00000001); spike: *** FAILED *** (tohost = 1)
FAIL  ssamoswap.w.rl 0x800201b7+0x4a21a0af   gen=ok sail=FAIL spike=FAIL qemu= --    <- sail: FAILURE: 1 (0x00000001); spike: *** FAILED *** (tohost = 1)
PASS  sspopchk       0xcdc0c073              gen=ok sail= ok  spike= ok  qemu= -- 
PASS  sspush         0xce104073              gen=ok sail= ok  spike= ok  qemu= -- 
PASS  ssrdp          0xcdc040f3              gen=ok sail= ok  spike= ok  qemu= -- 

4/8 instructions: parsed from the model, generated, and passing on every available simulator (ok/FAIL/-- = pass/fail/not run)
  (4 skipped as wrong-XLEN, not counted above: ssamoswap.d, ssamoswap.d.aq, ssamoswap.d.aqrl, ssamoswap.d.rl)
  (10 not real mnemonics, not counted above: c.sspopchk, c.sspush, ssamoswap.b, ssamoswap.b.aq, ssamoswap.b.aqrl, ssamoswap.b.rl, ssamoswap.h, ssamoswap.h.aq, ssamoswap.h.aqrl, ssamoswap.h.rl)
  sail   4 pass, 4 fail, 0 not installed
  spike  4 pass, 4 fail, 0 not installed
  qemu   0 pass, 0 fail, 8 not installed

========================================================================
== cfi RV64  (M5)
========================================================================
# extension=cfi march_ext=zicfilp_zicfiss_zicsr out_dir=/tmp/sweep-final/cfi
NOENC c.sspopchk                             no such mnemonic at either XLEN (mnemonic-table cross-product artifact) -- not a failure
NOENC c.sspush                               no such mnemonic at either XLEN (mnemonic-table cross-product artifact) -- not a failure
PASS  lpad           0x00004017              gen=ok sail= ok  spike= ok  qemu= -- 
NOENC ssamoswap.b                            no such mnemonic at either XLEN (mnemonic-table cross-product artifact) -- not a failure
NOENC ssamoswap.b.aq                         no such mnemonic at either XLEN (mnemonic-table cross-product artifact) -- not a failure
NOENC ssamoswap.b.aqrl                         no such mnemonic at either XLEN (mnemonic-table cross-product artifact) -- not a failure
NOENC ssamoswap.b.rl                         no such mnemonic at either XLEN (mnemonic-table cross-product artifact) -- not a failure
FAIL  ssamoswap.d    0x800201b7+0x02019193+0x0201d193+0x4821b0af  gen=ok sail=FAIL spike=FAIL qemu= --    <- sail: FAILURE: 1 (0x00000001); spike: *** FAILED *** (tohost = 1)
FAIL  ssamoswap.d.aq 0x800201b7+0x02019193+0x0201d193+0x4c21b0af  gen=ok sail=FAIL spike=FAIL qemu= --    <- sail: FAILURE: 1 (0x00000001); spike: *** FAILED *** (tohost = 1)
FAIL  ssamoswap.d.aqrl 0x800201b7+0x02019193+0x0201d193+0x4e21b0af  gen=ok sail=FAIL spike=FAIL qemu= --    <- sail: FAILURE: 1 (0x00000001); spike: *** FAILED *** (tohost = 1)
FAIL  ssamoswap.d.rl 0x800201b7+0x02019193+0x0201d193+0x4a21b0af  gen=ok sail=FAIL spike=FAIL qemu= --    <- sail: FAILURE: 1 (0x00000001); spike: *** FAILED *** (tohost = 1)
NOENC ssamoswap.h                            no such mnemonic at either XLEN (mnemonic-table cross-product artifact) -- not a failure
NOENC ssamoswap.h.aq                         no such mnemonic at either XLEN (mnemonic-table cross-product artifact) -- not a failure
NOENC ssamoswap.h.aqrl                         no such mnemonic at either XLEN (mnemonic-table cross-product artifact) -- not a failure
NOENC ssamoswap.h.rl                         no such mnemonic at either XLEN (mnemonic-table cross-product artifact) -- not a failure
FAIL  ssamoswap.w    0x800201b7+0x02019193+0x0201d193+0x4821a0af  gen=ok sail=FAIL spike=FAIL qemu= --    <- sail: FAILURE: 1 (0x00000001); spike: *** FAILED *** (tohost = 1)
FAIL  ssamoswap.w.aq 0x800201b7+0x02019193+0x0201d193+0x4c21a0af  gen=ok sail=FAIL spike=FAIL qemu= --    <- sail: FAILURE: 1 (0x00000001); spike: *** FAILED *** (tohost = 1)
FAIL  ssamoswap.w.aqrl 0x800201b7+0x02019193+0x0201d193+0x4e21a0af  gen=ok sail=FAIL spike=FAIL qemu= --    <- sail: FAILURE: 1 (0x00000001); spike: *** FAILED *** (tohost = 1)
FAIL  ssamoswap.w.rl 0x800201b7+0x02019193+0x0201d193+0x4a21a0af  gen=ok sail=FAIL spike=FAIL qemu= --    <- sail: FAILURE: 1 (0x00000001); spike: *** FAILED *** (tohost = 1)
PASS  sspopchk       0xcdc0c073              gen=ok sail= ok  spike= ok  qemu= -- 
PASS  sspush         0xce104073              gen=ok sail= ok  spike= ok  qemu= -- 
PASS  ssrdp          0xcdc040f3              gen=ok sail= ok  spike= ok  qemu= -- 

4/12 instructions: parsed from the model, generated, and passing on every available simulator (ok/FAIL/-- = pass/fail/not run)
  (10 not real mnemonics, not counted above: c.sspopchk, c.sspush, ssamoswap.b, ssamoswap.b.aq, ssamoswap.b.aqrl, ssamoswap.b.rl, ssamoswap.h, ssamoswap.h.aq, ssamoswap.h.aqrl, ssamoswap.h.rl)
  sail   4 pass, 8 fail, 0 not installed
  spike  4 pass, 8 fail, 0 not installed
  qemu   0 pass, 0 fail, 12 not installed

========================================================================
== B RV32  (M6)
========================================================================
# extension=B march_ext=b_zicsr out_dir=/tmp/sweep-final/B
SKIP  add.uw                                 RV64-only (assembles for RV64, not RV32) -- not a failure
PASS  andn           0x403170b3              gen=ok sail= ok  spike= ok  qemu= -- 
PASS  bclr           0x483110b3              gen=ok sail= ok  spike= ok  qemu= -- 
PASS  bclri          0x48411093              gen=ok sail= ok  spike= ok  qemu= -- 
PASS  bext           0x483150b3              gen=ok sail= ok  spike= ok  qemu= -- 
PASS  bexti          0x48415093              gen=ok sail= ok  spike= ok  qemu= -- 
PASS  binv           0x683110b3              gen=ok sail= ok  spike= ok  qemu= -- 
PASS  binvi          0x68411093              gen=ok sail= ok  spike= ok  qemu= -- 
PASS  bset           0x283110b3              gen=ok sail= ok  spike= ok  qemu= -- 
PASS  bseti          0x28411093              gen=ok sail= ok  spike= ok  qemu= -- 
NOENC clmul                                  no such mnemonic at either XLEN (mnemonic-table cross-product artifact) -- not a failure
NOENC clmulh                                 no such mnemonic at either XLEN (mnemonic-table cross-product artifact) -- not a failure
NOENC clmulr                                 no such mnemonic at either XLEN (mnemonic-table cross-product artifact) -- not a failure
PASS  clz            0x60011093              gen=ok sail= ok  spike= ok  qemu= -- 
SKIP  clzw                                   RV64-only (assembles for RV64, not RV32) -- not a failure
FAIL  cpop           0x60211093              gen=FAIL sail=FAIL spike=FAIL qemu=FAIL   <- sail: generation failed: No primop emulator_read_tag (Name { id: 2951 }); spike: generation failed: No primop emulator_read_tag (Name { id: 2951 }); qemu: generation failed: No primop emulator_read_tag (Name { id: 2951 })
SKIP  cpopw                                  RV64-only (assembles for RV64, not RV32) -- not a failure
PASS  ctz            0x60111093              gen=ok sail= ok  spike= ok  qemu= -- 
SKIP  ctzw                                   RV64-only (assembles for RV64, not RV32) -- not a failure
PASS  max            0x0a3160b3              gen=ok sail= ok  spike= ok  qemu= -- 
PASS  maxu           0x0a3170b3              gen=ok sail= ok  spike= ok  qemu= -- 
PASS  min            0x0a3140b3              gen=ok sail= ok  spike= ok  qemu= -- 
PASS  minu           0x0a3150b3              gen=ok sail= ok  spike= ok  qemu= -- 
PASS  orc.b          0x28715093              gen=ok sail= ok  spike= ok  qemu= -- 
PASS  orn            0x403160b3              gen=ok sail= ok  spike= ok  qemu= -- 
PASS  rev8           0x69815093              gen=ok sail= ok  spike= ok  qemu= -- 
PASS  rol            0x603110b3              gen=ok sail= ok  spike= ok  qemu= -- 
SKIP  rolw                                   RV64-only (assembles for RV64, not RV32) -- not a failure
PASS  ror            0x603150b3              gen=ok sail= ok  spike= ok  qemu= -- 
PASS  rori           0x60415093              gen=ok sail= ok  spike= ok  qemu= -- 
SKIP  roriw                                  RV64-only (assembles for RV64, not RV32) -- not a failure
SKIP  rorw                                   RV64-only (assembles for RV64, not RV32) -- not a failure
PASS  sext.b         0x60411093              gen=ok sail= ok  spike= ok  qemu= -- 
PASS  sext.h         0x60511093              gen=ok sail= ok  spike= ok  qemu= -- 
PASS  sh1add         0x203120b3              gen=ok sail= ok  spike= ok  qemu= -- 
SKIP  sh1add.uw                              RV64-only (assembles for RV64, not RV32) -- not a failure
PASS  sh2add         0x203140b3              gen=ok sail= ok  spike= ok  qemu= -- 
SKIP  sh2add.uw                              RV64-only (assembles for RV64, not RV32) -- not a failure
PASS  sh3add         0x203160b3              gen=ok sail= ok  spike= ok  qemu= -- 
SKIP  sh3add.uw                              RV64-only (assembles for RV64, not RV32) -- not a failure
SKIP  slli.uw                                RV64-only (assembles for RV64, not RV32) -- not a failure
PASS  xnor           0x403140b3              gen=ok sail= ok  spike= ok  qemu= -- 
PASS  zext.h         0x080140b3              gen=ok sail= ok  spike= ok  qemu= -- 

28/29 instructions: parsed from the model, generated, and passing on every available simulator (ok/FAIL/-- = pass/fail/not run)
  (11 skipped as wrong-XLEN, not counted above: add.uw, clzw, cpopw, ctzw, rolw, roriw, rorw, sh1add.uw, sh2add.uw, sh3add.uw, slli.uw)
  (3 not real mnemonics, not counted above: clmul, clmulh, clmulr)
  sail   28 pass, 1 fail, 0 not installed
  spike  28 pass, 1 fail, 0 not installed
  qemu   0 pass, 1 fail, 28 not installed

========================================================================
== B RV64  (M6)
========================================================================
# extension=B march_ext=b_zicsr out_dir=/tmp/sweep-final/B
PASS  add.uw         0x083100bb              gen=ok sail= ok  spike= ok  qemu= -- 
PASS  andn           0x403170b3              gen=ok sail= ok  spike= ok  qemu= -- 
PASS  bclr           0x483110b3              gen=ok sail= ok  spike= ok  qemu= -- 
PASS  bclri          0x48411093              gen=ok sail= ok  spike= ok  qemu= -- 
PASS  bext           0x483150b3              gen=ok sail= ok  spike= ok  qemu= -- 
PASS  bexti          0x48415093              gen=ok sail= ok  spike= ok  qemu= -- 
PASS  binv           0x683110b3              gen=ok sail= ok  spike= ok  qemu= -- 
PASS  binvi          0x68411093              gen=ok sail= ok  spike= ok  qemu= -- 
PASS  bset           0x283110b3              gen=ok sail= ok  spike= ok  qemu= -- 
PASS  bseti          0x28411093              gen=ok sail= ok  spike= ok  qemu= -- 
NOENC clmul                                  no such mnemonic at either XLEN (mnemonic-table cross-product artifact) -- not a failure
NOENC clmulh                                 no such mnemonic at either XLEN (mnemonic-table cross-product artifact) -- not a failure
NOENC clmulr                                 no such mnemonic at either XLEN (mnemonic-table cross-product artifact) -- not a failure
PASS  clz            0x60011093              gen=ok sail= ok  spike= ok  qemu= -- 
PASS  clzw           0x6001109b              gen=ok sail= ok  spike= ok  qemu= -- 
FAIL  cpop           0x60211093              gen=FAIL sail=FAIL spike=FAIL qemu=FAIL   <- sail: generation failed: TIMEOUT (generation); spike: generation failed: TIMEOUT (generation); qemu: generation failed: TIMEOUT (generation)
FAIL  cpopw          0x6021109b              gen=FAIL sail=FAIL spike=FAIL qemu=FAIL   <- sail: generation failed: No primop emulator_read_tag (Name { id: 2948 }); spike: generation failed: No primop emulator_read_tag (Name { id: 2948 }); qemu: generation failed: No primop emulator_read_tag (Name { id: 2948 })
PASS  ctz            0x60111093              gen=ok sail= ok  spike= ok  qemu= -- 
PASS  ctzw           0x6011109b              gen=ok sail= ok  spike= ok  qemu= -- 
PASS  max            0x0a3160b3              gen=ok sail= ok  spike= ok  qemu= -- 
PASS  maxu           0x0a3170b3              gen=ok sail= ok  spike= ok  qemu= -- 
PASS  min            0x0a3140b3              gen=ok sail= ok  spike= ok  qemu= -- 
PASS  minu           0x0a3150b3              gen=ok sail= ok  spike= ok  qemu= -- 
PASS  orc.b          0x28715093              gen=ok sail= ok  spike= ok  qemu= -- 
PASS  orn            0x403160b3              gen=ok sail= ok  spike= ok  qemu= -- 
PASS  rev8           0x6b815093              gen=ok sail= ok  spike= ok  qemu= -- 
PASS  rol            0x603110b3              gen=ok sail= ok  spike= ok  qemu= -- 
PASS  rolw           0x603110bb              gen=ok sail= ok  spike= ok  qemu= -- 
PASS  ror            0x603150b3              gen=ok sail= ok  spike= ok  qemu= -- 
PASS  rori           0x60415093              gen=ok sail= ok  spike= ok  qemu= -- 
PASS  roriw          0x6041509b              gen=ok sail= ok  spike= ok  qemu= -- 
PASS  rorw           0x603150bb              gen=ok sail= ok  spike= ok  qemu= -- 
PASS  sext.b         0x60411093              gen=ok sail= ok  spike= ok  qemu= -- 
PASS  sext.h         0x60511093              gen=ok sail= ok  spike= ok  qemu= -- 
PASS  sh1add         0x203120b3              gen=ok sail= ok  spike= ok  qemu= -- 
PASS  sh1add.uw      0x203120bb              gen=ok sail= ok  spike= ok  qemu= -- 
PASS  sh2add         0x203140b3              gen=ok sail= ok  spike= ok  qemu= -- 
PASS  sh2add.uw      0x203140bb              gen=ok sail= ok  spike= ok  qemu= -- 
PASS  sh3add         0x203160b3              gen=ok sail= ok  spike= ok  qemu= -- 
PASS  sh3add.uw      0x203160bb              gen=ok sail= ok  spike= ok  qemu= -- 
PASS  slli.uw        0x0841109b              gen=ok sail= ok  spike= ok  qemu= -- 
PASS  xnor           0x403140b3              gen=ok sail= ok  spike= ok  qemu= -- 
PASS  zext.h         0x080140bb              gen=ok sail= ok  spike= ok  qemu= -- 

38/40 instructions: parsed from the model, generated, and passing on every available simulator (ok/FAIL/-- = pass/fail/not run)
  (3 not real mnemonics, not counted above: clmul, clmulh, clmulr)
  sail   38 pass, 2 fail, 0 not installed
  spike  38 pass, 2 fail, 0 not installed
  qemu   0 pass, 2 fail, 38 not installed

========================================================================
== K RV32  (M6)
========================================================================
# extension=K march_ext=zbkb_zbkx_zknd_zkne_zknh_zksed_zksh_zicsr out_dir=/tmp/sweep-final/K
PASS  aes32dsi       0xea3100b3              gen=ok sail= ok  spike= ok  qemu= -- 
PASS  aes32dsmi      0xee3100b3              gen=ok sail= ok  spike= ok  qemu= -- 
PASS  aes32esi       0xe23100b3              gen=ok sail= ok  spike= ok  qemu= -- 
PASS  aes32esmi      0xe63100b3              gen=ok sail= ok  spike= ok  qemu= -- 
SKIP  aes64ds                                RV64-only (assembles for RV64, not RV32) -- not a failure
SKIP  aes64dsm                               RV64-only (assembles for RV64, not RV32) -- not a failure
SKIP  aes64es                                RV64-only (assembles for RV64, not RV32) -- not a failure
SKIP  aes64esm                               RV64-only (assembles for RV64, not RV32) -- not a failure
SKIP  aes64im                                RV64-only (assembles for RV64, not RV32) -- not a failure
SKIP  aes64ks1i                              RV64-only (assembles for RV64, not RV32) -- not a failure
SKIP  aes64ks2                               RV64-only (assembles for RV64, not RV32) -- not a failure
PASS  brev8          0x68715093              gen=ok sail= ok  spike= ok  qemu= -- 
PASS  pack           0x083140b3              gen=ok sail= ok  spike= ok  qemu= -- 
PASS  packh          0x083170b3              gen=ok sail= ok  spike= ok  qemu= -- 
SKIP  packw                                  RV64-only (assembles for RV64, not RV32) -- not a failure
PASS  sha256sig0     0x10211093              gen=ok sail= ok  spike= ok  qemu= -- 
PASS  sha256sig1     0x10311093              gen=ok sail= ok  spike= ok  qemu= -- 
PASS  sha256sum0     0x10011093              gen=ok sail= ok  spike= ok  qemu= -- 
PASS  sha256sum1     0x10111093              gen=ok sail= ok  spike= ok  qemu= -- 
SKIP  sha512sig0                             RV64-only (assembles for RV64, not RV32) -- not a failure
PASS  sha512sig0h    0x5c3100b3              gen=ok sail= ok  spike= ok  qemu= -- 
PASS  sha512sig0l    0x543100b3              gen=ok sail= ok  spike= ok  qemu= -- 
SKIP  sha512sig1                             RV64-only (assembles for RV64, not RV32) -- not a failure
PASS  sha512sig1h    0x5e3100b3              gen=ok sail= ok  spike= ok  qemu= -- 
PASS  sha512sig1l    0x563100b3              gen=ok sail= ok  spike= ok  qemu= -- 
SKIP  sha512sum0                             RV64-only (assembles for RV64, not RV32) -- not a failure
PASS  sha512sum0r    0x503100b3              gen=ok sail= ok  spike= ok  qemu= -- 
SKIP  sha512sum1                             RV64-only (assembles for RV64, not RV32) -- not a failure
PASS  sha512sum1r    0x523100b3              gen=ok sail= ok  spike= ok  qemu= -- 
PASS  sm3p0          0x10811093              gen=ok sail= ok  spike= ok  qemu= -- 
PASS  sm3p1          0x10911093              gen=ok sail= ok  spike= ok  qemu= -- 
PASS  sm4ed          0xf03100b3              gen=ok sail= ok  spike= ok  qemu= -- 
PASS  sm4ks          0xf43100b3              gen=ok sail= ok  spike= ok  qemu= -- 
PASS  unzip          0x08f15093              gen=ok sail= ok  spike= ok  qemu= -- 
FAIL  xperm4         0x283120b3              gen=ok sail=FAIL spike=FAIL qemu= --    <- sail: no ELF produced; spike: no ELF produced
FAIL  xperm8         0x283140b3              gen=ok sail=FAIL spike=FAIL qemu= --    <- sail: no ELF produced; spike: no ELF produced
PASS  zip            0x08f11093              gen=ok sail= ok  spike= ok  qemu= -- 

23/25 instructions: parsed from the model, generated, and passing on every available simulator (ok/FAIL/-- = pass/fail/not run)
  (12 skipped as wrong-XLEN, not counted above: aes64ds, aes64dsm, aes64es, aes64esm, aes64im, aes64ks1i, aes64ks2, packw, sha512sig0, sha512sig1, sha512sum0, sha512sum1)
  sail   23 pass, 2 fail, 0 not installed
  spike  23 pass, 2 fail, 0 not installed
  qemu   0 pass, 0 fail, 25 not installed

========================================================================
== K RV64  (M6)
========================================================================
# extension=K march_ext=zbkb_zbkx_zknd_zkne_zknh_zksed_zksh_zicsr out_dir=/tmp/sweep-final/K
SKIP  aes32dsi                               RV32-only (assembles for RV32, not RV64) -- not a failure
SKIP  aes32dsmi                              RV32-only (assembles for RV32, not RV64) -- not a failure
SKIP  aes32esi                               RV32-only (assembles for RV32, not RV64) -- not a failure
SKIP  aes32esmi                              RV32-only (assembles for RV32, not RV64) -- not a failure
PASS  aes64ds        0x3a3100b3              gen=ok sail= ok  spike= ok  qemu= -- 
FAIL  aes64dsm       0x3e3100b3              gen=FAIL sail=FAIL spike=FAIL qemu=FAIL   <- sail: generation failed: TIMEOUT (generation); spike: generation failed: TIMEOUT (generation); qemu: generation failed: TIMEOUT (generation)
PASS  aes64es        0x323100b3              gen=ok sail= ok  spike= ok  qemu= -- 
PASS  aes64esm       0x363100b3              gen=ok sail= ok  spike= ok  qemu= -- 
FAIL  aes64im        0x30011093              gen=FAIL sail=FAIL spike=FAIL qemu=FAIL   <- sail: generation failed: No primop emulator_read_tag (Name { id: 2948 }); spike: generation failed: No primop emulator_read_tag (Name { id: 2948 }); qemu: generation failed: No primop emulator_read_tag (Name { id: 2948 })
PASS  aes64ks1i      0x31411093              gen=ok sail= ok  spike= ok  qemu= -- 
PASS  aes64ks2       0x7e3100b3              gen=ok sail= ok  spike= ok  qemu= -- 
PASS  brev8          0x68715093              gen=ok sail= ok  spike= ok  qemu= -- 
PASS  pack           0x083140b3              gen=ok sail= ok  spike= ok  qemu= -- 
PASS  packh          0x083170b3              gen=ok sail= ok  spike= ok  qemu= -- 
PASS  packw          0x083140bb              gen=ok sail= ok  spike= ok  qemu= -- 
PASS  sha256sig0     0x10211093              gen=ok sail= ok  spike= ok  qemu= -- 
PASS  sha256sig1     0x10311093              gen=ok sail= ok  spike= ok  qemu= -- 
PASS  sha256sum0     0x10011093              gen=ok sail= ok  spike= ok  qemu= -- 
PASS  sha256sum1     0x10111093              gen=ok sail= ok  spike= ok  qemu= -- 
PASS  sha512sig0     0x10611093              gen=ok sail= ok  spike= ok  qemu= -- 
SKIP  sha512sig0h                            RV32-only (assembles for RV32, not RV64) -- not a failure
SKIP  sha512sig0l                            RV32-only (assembles for RV32, not RV64) -- not a failure
PASS  sha512sig1     0x10711093              gen=ok sail= ok  spike= ok  qemu= -- 
SKIP  sha512sig1h                            RV32-only (assembles for RV32, not RV64) -- not a failure
SKIP  sha512sig1l                            RV32-only (assembles for RV32, not RV64) -- not a failure
PASS  sha512sum0     0x10411093              gen=ok sail= ok  spike= ok  qemu= -- 
SKIP  sha512sum0r                            RV32-only (assembles for RV32, not RV64) -- not a failure
PASS  sha512sum1     0x10511093              gen=ok sail= ok  spike= ok  qemu= -- 
SKIP  sha512sum1r                            RV32-only (assembles for RV32, not RV64) -- not a failure
PASS  sm3p0          0x10811093              gen=ok sail= ok  spike= ok  qemu= -- 
PASS  sm3p1          0x10911093              gen=ok sail= ok  spike= ok  qemu= -- 
PASS  sm4ed          0xf03100b3              gen=ok sail= ok  spike= ok  qemu= -- 
PASS  sm4ks          0xf43100b3              gen=ok sail= ok  spike= ok  qemu= -- 
SKIP  unzip                                  RV32-only (assembles for RV32, not RV64) -- not a failure
FAIL  xperm4         0x283120b3              gen=ok sail=FAIL spike=FAIL qemu= --    <- sail: no ELF produced; spike: no ELF produced
FAIL  xperm8         0x283140b3              gen=ok sail=FAIL spike=FAIL qemu= --    <- sail: no ELF produced; spike: no ELF produced
SKIP  zip                                    RV32-only (assembles for RV32, not RV64) -- not a failure

21/25 instructions: parsed from the model, generated, and passing on every available simulator (ok/FAIL/-- = pass/fail/not run)
  (12 skipped as wrong-XLEN, not counted above: aes32dsi, aes32dsmi, aes32esi, aes32esmi, sha512sig0h, sha512sig0l, sha512sig1h, sha512sig1l, sha512sum0r, sha512sum1r, unzip, zip)
  sail   21 pass, 4 fail, 0 not installed
  spike  21 pass, 4 fail, 0 not installed
  qemu   0 pass, 2 fail, 23 not installed

========================================================================
== C RV32  (M6)
========================================================================
# extension=C march_ext=c_zicsr out_dir=/tmp/sweep-final/C config={'rv_enable_rvc': 'true'}
PASS  c.add          0x0000908a              gen=ok sail= ok  spike= ok  qemu= -- 
PASS  c.addi         0x00000091              gen=ok sail= ok  spike= ok  qemu= -- 
PASS  c.addi16sp     0x00006141              gen=ok sail= ok  spike= ok  qemu= -- 
PASS  c.addi4spn     0x00000040              gen=ok sail= ok  spike= ok  qemu= -- 
SKIP  c.addiw                                RV64-only per the model's own `when xlen == 64` guard -- not a failure
SKIP  c.addw                                 RV64-only per the model's own `when xlen == 64` guard -- not a failure
PASS  c.and          0x00008c65              gen=ok sail= ok  spike= ok  qemu= -- 
PASS  c.andi         0x00008811              gen=ok sail= ok  spike= ok  qemu= -- 
PASS  c.beqz         0x0000c011+0x00000001   gen=ok sail= ok  spike= ok  qemu= -- 
PASS  c.bnez         0x0000e011+0x00000001   gen=ok sail= ok  spike= ok  qemu= -- 
PASS  c.ebreak       0x00009002              gen=ok sail= ok  spike= ok  qemu= -- 
PASS  c.j            0x0000a011+0x00000001   gen=ok sail= ok  spike= ok  qemu= -- 
PASS  c.jal          0x00002011+0x00000001   gen=ok sail= ok  spike= ok  qemu= -- 
FAIL  c.jalr         0x00009082              gen=ok sail=FAIL spike=FAIL qemu= --    <- sail: FAILURE: 1 (0x00000001); spike: *** FAILED *** (tohost = 1)
FAIL  c.jr           0x00008082              gen=ok sail=FAIL spike=FAIL qemu= --    <- sail: FAILURE: 1 (0x00000001); spike: *** FAILED *** (tohost = 1)
NOENC c.lbu                                  no such mnemonic at either XLEN (mnemonic-table cross-product artifact) -- not a failure
SKIP  c.ld                                   RV64-only per the model's own `when xlen == 64` guard -- not a failure
SKIP  c.ldsp                                 RV64-only per the model's own `when xlen == 64` guard -- not a failure
NOENC c.lh                                   no such mnemonic at either XLEN (mnemonic-table cross-product artifact) -- not a failure
NOENC c.lhu                                  no such mnemonic at either XLEN (mnemonic-table cross-product artifact) -- not a failure
PASS  c.li           0x00004091              gen=ok sail= ok  spike= ok  qemu= -- 
PASS  c.lui          0x00006091              gen=ok sail= ok  spike= ok  qemu= -- 
PASS  c.lw           0x800204b7+0x00004080   gen=ok sail= ok  spike= ok  qemu= -- 
PASS  c.lwsp         0x80020137+0x00004082   gen=ok sail= ok  spike= ok  qemu= -- 
NOENC c.mul                                  no such mnemonic at either XLEN (mnemonic-table cross-product artifact) -- not a failure
PASS  c.mv           0x0000808a              gen=ok sail= ok  spike= ok  qemu= -- 
PASS  c.nop          0x00000011              gen=ok sail= ok  spike= ok  qemu= -- 
NOENC c.not                                  no such mnemonic at either XLEN (mnemonic-table cross-product artifact) -- not a failure
PASS  c.or           0x00008c45              gen=ok sail= ok  spike= ok  qemu= -- 
NOENC c.sb                                   no such mnemonic at either XLEN (mnemonic-table cross-product artifact) -- not a failure
SKIP  c.sd                                   RV64-only per the model's own `when xlen == 64` guard -- not a failure
SKIP  c.sdsp                                 RV64-only per the model's own `when xlen == 64` guard -- not a failure
NOENC c.sext.b                               no such mnemonic at either XLEN (mnemonic-table cross-product artifact) -- not a failure
NOENC c.sext.h                               no such mnemonic at either XLEN (mnemonic-table cross-product artifact) -- not a failure
NOENC c.sh                                   no such mnemonic at either XLEN (mnemonic-table cross-product artifact) -- not a failure
PASS  c.slli         0x00000092              gen=ok sail= ok  spike= ok  qemu= -- 
PASS  c.srai         0x00008411              gen=ok sail= ok  spike= ok  qemu= -- 
PASS  c.srli         0x00008011              gen=ok sail= ok  spike= ok  qemu= -- 
PASS  c.sub          0x00008c05              gen=ok sail= ok  spike= ok  qemu= -- 
SKIP  c.subw                                 RV64-only per the model's own `when xlen == 64` guard -- not a failure
PASS  c.sw           0x800204b7+0x0000c080   gen=ok sail= ok  spike= ok  qemu= -- 
PASS  c.swsp         0x80020137+0x0000c006   gen=ok sail= ok  spike= ok  qemu= -- 
PASS  c.xor          0x00008c25              gen=ok sail= ok  spike= ok  qemu= -- 
NOENC c.zext.b                               no such mnemonic at either XLEN (mnemonic-table cross-product artifact) -- not a failure
NOENC c.zext.h                               no such mnemonic at either XLEN (mnemonic-table cross-product artifact) -- not a failure
NOENC c.zext.w                               no such mnemonic at either XLEN (mnemonic-table cross-product artifact) -- not a failure

25/27 instructions: parsed from the model, generated, and passing on every available simulator (ok/FAIL/-- = pass/fail/not run)
  (7 skipped as wrong-XLEN, not counted above: c.addiw, c.addw, c.ld, c.ldsp, c.sd, c.sdsp, c.subw)
  (12 not real mnemonics, not counted above: c.lbu, c.lh, c.lhu, c.mul, c.not, c.sb, c.sext.b, c.sext.h, c.sh, c.zext.b, c.zext.h, c.zext.w)
  sail   25 pass, 2 fail, 0 not installed
  spike  25 pass, 2 fail, 0 not installed
  qemu   0 pass, 0 fail, 27 not installed

========================================================================
== C RV64  (M6)
========================================================================
# extension=C march_ext=c_zicsr out_dir=/tmp/sweep-final/C config={'rv_enable_rvc': 'true'}
PASS  c.add          0x0000908a              gen=ok sail= ok  spike= ok  qemu= -- 
PASS  c.addi         0x00000091              gen=ok sail= ok  spike= ok  qemu= -- 
PASS  c.addi16sp     0x00006141              gen=ok sail= ok  spike= ok  qemu= -- 
PASS  c.addi4spn     0x00000040              gen=ok sail= ok  spike= ok  qemu= -- 
PASS  c.addiw        0x00002091              gen=ok sail= ok  spike= ok  qemu= -- 
PASS  c.addw         0x00009c25              gen=ok sail= ok  spike= ok  qemu= -- 
PASS  c.and          0x00008c65              gen=ok sail= ok  spike= ok  qemu= -- 
PASS  c.andi         0x00008811              gen=ok sail= ok  spike= ok  qemu= -- 
PASS  c.beqz         0x0000c011+0x00000001   gen=ok sail= ok  spike= ok  qemu= -- 
PASS  c.bnez         0x0000e011+0x00000001   gen=ok sail= ok  spike= ok  qemu= -- 
PASS  c.ebreak       0x00009002              gen=ok sail= ok  spike= ok  qemu= -- 
PASS  c.j            0x0000a011+0x00000001   gen=ok sail= ok  spike= ok  qemu= -- 
SKIP  c.jal                                  RV32-only per the model's own `when xlen == 32` guard -- not a failure
FAIL  c.jalr         0x00009082              gen=ok sail=FAIL spike=FAIL qemu= --    <- sail: FAILURE: 1 (0x00000001); spike: *** FAILED *** (tohost = 1)
FAIL  c.jr           0x00008082              gen=ok sail=FAIL spike=FAIL qemu= --    <- sail: FAILURE: 1 (0x00000001); spike: *** FAILED *** (tohost = 1)
NOENC c.lbu                                  no such mnemonic at either XLEN (mnemonic-table cross-product artifact) -- not a failure
PASS  c.ld           0x800204b7+0x02049493+0x0204d493+0x00006080  gen=ok sail= ok  spike= ok  qemu= -- 
PASS  c.ldsp         0x00004137+0x0011011b+0x01111113+0x00006082  gen=ok sail= ok  spike= ok  qemu= -- 
NOENC c.lh                                   no such mnemonic at either XLEN (mnemonic-table cross-product artifact) -- not a failure
NOENC c.lhu                                  no such mnemonic at either XLEN (mnemonic-table cross-product artifact) -- not a failure
PASS  c.li           0x00004091              gen=ok sail= ok  spike= ok  qemu= -- 
PASS  c.lui          0x00006091              gen=ok sail= ok  spike= ok  qemu= -- 
PASS  c.lw           0x800204b7+0x02049493+0x0204d493+0x00004080  gen=ok sail= ok  spike= ok  qemu= -- 
PASS  c.lwsp         0x00004137+0x0011011b+0x01111113+0x00004082  gen=ok sail= ok  spike= ok  qemu= -- 
NOENC c.mul                                  no such mnemonic at either XLEN (mnemonic-table cross-product artifact) -- not a failure
PASS  c.mv           0x0000808a              gen=ok sail= ok  spike= ok  qemu= -- 
PASS  c.nop          0x00000011              gen=ok sail= ok  spike= ok  qemu= -- 
NOENC c.not                                  no such mnemonic at either XLEN (mnemonic-table cross-product artifact) -- not a failure
PASS  c.or           0x00008c45              gen=ok sail= ok  spike= ok  qemu= -- 
NOENC c.sb                                   no such mnemonic at either XLEN (mnemonic-table cross-product artifact) -- not a failure
PASS  c.sd           0x800204b7+0x02049493+0x0204d493+0x0000e080  gen=ok sail= ok  spike= ok  qemu= -- 
PASS  c.sdsp         0x00004137+0x0011011b+0x01111113+0x0000e006  gen=ok sail= ok  spike= ok  qemu= -- 
NOENC c.sext.b                               no such mnemonic at either XLEN (mnemonic-table cross-product artifact) -- not a failure
NOENC c.sext.h                               no such mnemonic at either XLEN (mnemonic-table cross-product artifact) -- not a failure
NOENC c.sh                                   no such mnemonic at either XLEN (mnemonic-table cross-product artifact) -- not a failure
PASS  c.slli         0x00000092              gen=ok sail= ok  spike= ok  qemu= -- 
PASS  c.srai         0x00008411              gen=ok sail= ok  spike= ok  qemu= -- 
PASS  c.srli         0x00008011              gen=ok sail= ok  spike= ok  qemu= -- 
PASS  c.sub          0x00008c05              gen=ok sail= ok  spike= ok  qemu= -- 
PASS  c.subw         0x00009c05              gen=ok sail= ok  spike= ok  qemu= -- 
PASS  c.sw           0x800204b7+0x02049493+0x0204d493+0x0000c080  gen=ok sail= ok  spike= ok  qemu= -- 
PASS  c.swsp         0x00004137+0x0011011b+0x01111113+0x0000c006  gen=ok sail= ok  spike= ok  qemu= -- 
PASS  c.xor          0x00008c25              gen=ok sail= ok  spike= ok  qemu= -- 
NOENC c.zext.b                               no such mnemonic at either XLEN (mnemonic-table cross-product artifact) -- not a failure
NOENC c.zext.h                               no such mnemonic at either XLEN (mnemonic-table cross-product artifact) -- not a failure
NOENC c.zext.w                               no such mnemonic at either XLEN (mnemonic-table cross-product artifact) -- not a failure

31/33 instructions: parsed from the model, generated, and passing on every available simulator (ok/FAIL/-- = pass/fail/not run)
  (1 skipped as wrong-XLEN, not counted above: c.jal)
  (12 not real mnemonics, not counted above: c.lbu, c.lh, c.lhu, c.mul, c.not, c.sb, c.sext.b, c.sext.h, c.sh, c.zext.b, c.zext.h, c.zext.w)
  sail   31 pass, 2 fail, 0 not installed
  spike  31 pass, 2 fail, 0 not installed
  qemu   0 pass, 0 fail, 33 not installed

========================================================================
== FD RV32  (M6)
========================================================================
# extension=FD march_ext=f_d_zfh_zfa_zicsr out_dir=/tmp/sweep-final/FD config={'rv_enable_fdext': 'true'}
PASS  fadd.d         0x023100d3              gen=ok sail= ok  spike= ok  qemu= -- 
PASS  fadd.h         0x043100d3              gen=ok sail= ok  spike= ok  qemu= -- 
PASS  fadd.s         0x003100d3              gen=ok sail= ok  spike= ok  qemu= -- 
PASS  fclass.d       0xe20090d3              gen=ok sail= ok  spike= ok  qemu= -- 
PASS  fclass.h       0xe40090d3              gen=ok sail= ok  spike= ok  qemu= -- 
PASS  fclass.s       0xe00090d3              gen=ok sail= ok  spike= ok  qemu= -- 
PASS  fcvt.d.h       0x422100d3              gen=ok sail= ok  spike= ok  qemu= -- 
SKIP  fcvt.d.l                               RV64-only (assembles for RV64, not RV32) -- not a failure
SKIP  fcvt.d.lu                              RV64-only (assembles for RV64, not RV32) -- not a failure
PASS  fcvt.d.s       0x420100d3              gen=ok sail= ok  spike= ok  qemu= -- 
PASS  fcvt.d.w       0xd20080d3              gen=ok sail= ok  spike= ok  qemu= -- 
PASS  fcvt.d.wu      0xd21080d3              gen=ok sail= ok  spike= ok  qemu= -- 
PASS  fcvt.h.d       0x441100d3              gen=ok sail= ok  spike= ok  qemu= -- 
SKIP  fcvt.h.l                               RV64-only (assembles for RV64, not RV32) -- not a failure
SKIP  fcvt.h.lu                              RV64-only (assembles for RV64, not RV32) -- not a failure
PASS  fcvt.h.s       0x440100d3              gen=ok sail= ok  spike= ok  qemu= -- 
PASS  fcvt.h.w       0xd40080d3              gen=ok sail= ok  spike= ok  qemu= -- 
PASS  fcvt.h.wu      0xd41080d3              gen=ok sail= ok  spike= ok  qemu= -- 
SKIP  fcvt.l.d                               RV64-only (assembles for RV64, not RV32) -- not a failure
SKIP  fcvt.l.h                               RV64-only (assembles for RV64, not RV32) -- not a failure
SKIP  fcvt.l.s                               RV64-only (assembles for RV64, not RV32) -- not a failure
SKIP  fcvt.lu.d                              RV64-only (assembles for RV64, not RV32) -- not a failure
SKIP  fcvt.lu.h                              RV64-only (assembles for RV64, not RV32) -- not a failure
SKIP  fcvt.lu.s                              RV64-only (assembles for RV64, not RV32) -- not a failure
PASS  fcvt.s.d       0x401100d3              gen=ok sail= ok  spike= ok  qemu= -- 
PASS  fcvt.s.h       0x402100d3              gen=ok sail= ok  spike= ok  qemu= -- 
SKIP  fcvt.s.l                               RV64-only (assembles for RV64, not RV32) -- not a failure
SKIP  fcvt.s.lu                              RV64-only (assembles for RV64, not RV32) -- not a failure
PASS  fcvt.s.w       0xd00080d3              gen=ok sail= ok  spike= ok  qemu= -- 
PASS  fcvt.s.wu      0xd01080d3              gen=ok sail= ok  spike= ok  qemu= -- 
PASS  fcvt.w.d       0xc20080d3              gen=ok sail= ok  spike= ok  qemu= -- 
PASS  fcvt.w.h       0xc40080d3              gen=ok sail= ok  spike= ok  qemu= -- 
PASS  fcvt.w.s       0xc00080d3              gen=ok sail= ok  spike= ok  qemu= -- 
PASS  fcvt.wu.d      0xc21080d3              gen=ok sail= ok  spike= ok  qemu= -- 
PASS  fcvt.wu.h      0xc41080d3              gen=ok sail= ok  spike= ok  qemu= -- 
PASS  fcvt.wu.s      0xc01080d3              gen=ok sail= ok  spike= ok  qemu= -- 
PASS  fcvtmod.w.d    0xc28090d3              gen=ok sail= ok  spike= ok  qemu= -- 
PASS  fdiv.d         0x1a3100d3              gen=ok sail= ok  spike= ok  qemu= -- 
PASS  fdiv.h         0x1c3100d3              gen=ok sail= ok  spike= ok  qemu= -- 
PASS  fdiv.s         0x183100d3              gen=ok sail= ok  spike= ok  qemu= -- 
PASS  feq.d          0xa220a0d3              gen=ok sail= ok  spike= ok  qemu= -- 
PASS  feq.h          0xa420a0d3              gen=ok sail= ok  spike= ok  qemu= -- 
PASS  feq.s          0xa020a0d3              gen=ok sail= ok  spike= ok  qemu= -- 
NOENC flb                                    no such mnemonic at either XLEN (mnemonic-table cross-product artifact) -- not a failure
PASS  fld            0x800200b7+0x0000b087   gen=ok sail= ok  spike= ok  qemu= -- 
PASS  fle.d          0xa22080d3              gen=ok sail= ok  spike= ok  qemu= -- 
PASS  fle.h          0xa42080d3              gen=ok sail= ok  spike= ok  qemu= -- 
PASS  fle.s          0xa02080d3              gen=ok sail= ok  spike= ok  qemu= -- 
FAIL  fleq.d         0xa220c0d3              gen=ok sail=FAIL spike=FAIL qemu= --    <- sail: FAILURE: 1 (0x00000001); spike: *** FAILED *** (tohost = 1)
PASS  fleq.h         0xa420c0d3              gen=ok sail= ok  spike= ok  qemu= -- 
PASS  fleq.s         0xa020c0d3              gen=ok sail= ok  spike= ok  qemu= -- 
PASS  flh            0x800200b7+0x00009087   gen=ok sail= ok  spike= ok  qemu= -- 
PASS  fli.d          0xf21b80d3              gen=ok sail= ok  spike= ok  qemu= -- 
PASS  fli.h          0xf41b80d3              gen=ok sail= ok  spike= ok  qemu= -- 
PASS  fli.s          0xf01b80d3              gen=ok sail= ok  spike= ok  qemu= -- 
PASS  flt.d          0xa22090d3              gen=ok sail= ok  spike= ok  qemu= -- 
PASS  flt.h          0xa42090d3              gen=ok sail= ok  spike= ok  qemu= -- 
PASS  flt.s          0xa02090d3              gen=ok sail= ok  spike= ok  qemu= -- 
FAIL  fltq.d         0xa220d0d3              gen=ok sail=FAIL spike=FAIL qemu= --    <- sail: FAILURE: 1 (0x00000001); spike: *** FAILED *** (tohost = 1)
PASS  fltq.h         0xa420d0d3              gen=ok sail= ok  spike= ok  qemu= -- 
PASS  fltq.s         0xa020d0d3              gen=ok sail= ok  spike= ok  qemu= -- 
PASS  flw            0x800200b7+0x0000a087   gen=ok sail= ok  spike= ok  qemu= -- 
PASS  fmadd.d        0x223100c3              gen=ok sail= ok  spike= ok  qemu= -- 
PASS  fmadd.h        0x243100c3              gen=ok sail= ok  spike= ok  qemu= -- 
PASS  fmadd.s        0x203100c3              gen=ok sail= ok  spike= ok  qemu= -- 
PASS  fmax.d         0x2a3110d3              gen=ok sail= ok  spike= ok  qemu= -- 
PASS  fmax.h         0x2c3110d3              gen=ok sail= ok  spike= ok  qemu= -- 
PASS  fmax.s         0x283110d3              gen=ok sail= ok  spike= ok  qemu= -- 
PASS  fmaxm.d        0x2a3130d3              gen=ok sail= ok  spike= ok  qemu= -- 
PASS  fmaxm.h        0x2c3130d3              gen=ok sail= ok  spike= ok  qemu= -- 
PASS  fmaxm.s        0x283130d3              gen=ok sail= ok  spike= ok  qemu= -- 
PASS  fmin.d         0x2a3100d3              gen=ok sail= ok  spike= ok  qemu= -- 
PASS  fmin.h         0x2c3100d3              gen=ok sail= ok  spike= ok  qemu= -- 
PASS  fmin.s         0x283100d3              gen=ok sail= ok  spike= ok  qemu= -- 
PASS  fminm.d        0x2a3120d3              gen=ok sail= ok  spike= ok  qemu= -- 
PASS  fminm.h        0x2c3120d3              gen=ok sail= ok  spike= ok  qemu= -- 
PASS  fminm.s        0x283120d3              gen=ok sail= ok  spike= ok  qemu= -- 
PASS  fmsub.d        0x223100c7              gen=ok sail= ok  spike= ok  qemu= -- 
PASS  fmsub.h        0x243100c7              gen=ok sail= ok  spike= ok  qemu= -- 
PASS  fmsub.s        0x203100c7              gen=ok sail= ok  spike= ok  qemu= -- 
PASS  fmul.d         0x123100d3              gen=ok sail= ok  spike= ok  qemu= -- 
PASS  fmul.h         0x143100d3              gen=ok sail= ok  spike= ok  qemu= -- 
PASS  fmul.s         0x103100d3              gen=ok sail= ok  spike= ok  qemu= -- 
SKIP  fmv.d.x                                RV64-only (assembles for RV64, not RV32) -- not a failure
PASS  fmv.h.x        0xf40080d3              gen=ok sail= ok  spike= ok  qemu= -- 
PASS  fmv.w.x        0xf00080d3              gen=ok sail= ok  spike= ok  qemu= -- 
SKIP  fmv.x.d                                RV64-only (assembles for RV64, not RV32) -- not a failure
PASS  fmv.x.h        0xe40080d3              gen=ok sail= ok  spike= ok  qemu= -- 
PASS  fmv.x.w        0xe00080d3              gen=ok sail= ok  spike= ok  qemu= -- 
PASS  fmvh.x.d       0xe21080d3              gen=ok sail= ok  spike= ok  qemu= -- 
PASS  fmvp.d.x       0xb22080d3              gen=ok sail= ok  spike= ok  qemu= -- 
PASS  fnmadd.d       0x223100cf              gen=ok sail= ok  spike= ok  qemu= -- 
PASS  fnmadd.h       0x243100cf              gen=ok sail= ok  spike= ok  qemu= -- 
PASS  fnmadd.s       0x203100cf              gen=ok sail= ok  spike= ok  qemu= -- 
PASS  fnmsub.d       0x223100cb              gen=ok sail= ok  spike= ok  qemu= -- 
PASS  fnmsub.h       0x243100cb              gen=ok sail= ok  spike= ok  qemu= -- 
PASS  fnmsub.s       0x203100cb              gen=ok sail= ok  spike= ok  qemu= -- 
PASS  fround.d       0x424100d3              gen=ok sail= ok  spike= ok  qemu= -- 
PASS  fround.h       0x444100d3              gen=ok sail= ok  spike= ok  qemu= -- 
PASS  fround.s       0x404100d3              gen=ok sail= ok  spike= ok  qemu= -- 
PASS  froundnx.d     0x425100d3              gen=ok sail= ok  spike= ok  qemu= -- 
PASS  froundnx.h     0x445100d3              gen=ok sail= ok  spike= ok  qemu= -- 
PASS  froundnx.s     0x405100d3              gen=ok sail= ok  spike= ok  qemu= -- 
NOENC fsb                                    no such mnemonic at either XLEN (mnemonic-table cross-product artifact) -- not a failure
PASS  fsd            0x800200b7+0x0010b027   gen=ok sail= ok  spike= ok  qemu= -- 
PASS  fsgnj.d        0x223100d3              gen=ok sail= ok  spike= ok  qemu= -- 
PASS  fsgnj.h        0x243100d3              gen=ok sail= ok  spike= ok  qemu= -- 
PASS  fsgnj.s        0x203100d3              gen=ok sail= ok  spike= ok  qemu= -- 
PASS  fsgnjn.d       0x223110d3              gen=ok sail= ok  spike= ok  qemu= -- 
PASS  fsgnjn.h       0x243110d3              gen=ok sail= ok  spike= ok  qemu= -- 
PASS  fsgnjn.s       0x203110d3              gen=ok sail= ok  spike= ok  qemu= -- 
PASS  fsgnjx.d       0x223120d3              gen=ok sail= ok  spike= ok  qemu= -- 
PASS  fsgnjx.h       0x243120d3              gen=ok sail= ok  spike= ok  qemu= -- 
PASS  fsgnjx.s       0x203120d3              gen=ok sail= ok  spike= ok  qemu= -- 
PASS  fsh            0x800200b7+0x00109027   gen=ok sail= ok  spike= ok  qemu= -- 
PASS  fsqrt.d        0x5a0100d3              gen=ok sail= ok  spike= ok  qemu= -- 
PASS  fsqrt.h        0x5c0100d3              gen=ok sail= ok  spike= ok  qemu= -- 
PASS  fsqrt.s        0x580100d3              gen=ok sail= ok  spike= ok  qemu= -- 
PASS  fsub.d         0x0a3100d3              gen=ok sail= ok  spike= ok  qemu= -- 
PASS  fsub.h         0x0c3100d3              gen=ok sail= ok  spike= ok  qemu= -- 
PASS  fsub.s         0x083100d3              gen=ok sail= ok  spike= ok  qemu= -- 
PASS  fsw            0x800200b7+0x0010a027   gen=ok sail= ok  spike= ok  qemu= -- 

104/106 instructions: parsed from the model, generated, and passing on every available simulator (ok/FAIL/-- = pass/fail/not run)
  (14 skipped as wrong-XLEN, not counted above: fcvt.d.l, fcvt.d.lu, fcvt.h.l, fcvt.h.lu, fcvt.l.d, fcvt.l.h, fcvt.l.s, fcvt.lu.d, fcvt.lu.h, fcvt.lu.s, fcvt.s.l, fcvt.s.lu, fmv.d.x, fmv.x.d)
  (2 not real mnemonics, not counted above: flb, fsb)
  sail   104 pass, 2 fail, 0 not installed
  spike  104 pass, 2 fail, 0 not installed
  qemu   0 pass, 0 fail, 106 not installed

========================================================================
== FD RV64  (M6)
========================================================================
# extension=FD march_ext=f_d_zfh_zfa_zicsr out_dir=/tmp/sweep-final/FD config={'rv_enable_fdext': 'true'}
PASS  fadd.d         0x023100d3              gen=ok sail= ok  spike= ok  qemu= -- 
PASS  fadd.h         0x043100d3              gen=ok sail= ok  spike= ok  qemu= -- 
PASS  fadd.s         0x003100d3              gen=ok sail= ok  spike= ok  qemu= -- 
PASS  fclass.d       0xe20090d3              gen=ok sail= ok  spike= ok  qemu= -- 
PASS  fclass.h       0xe40090d3              gen=ok sail= ok  spike= ok  qemu= -- 
PASS  fclass.s       0xe00090d3              gen=ok sail= ok  spike= ok  qemu= -- 
PASS  fcvt.d.h       0x422100d3              gen=ok sail= ok  spike= ok  qemu= -- 
PASS  fcvt.d.l       0xd22080d3              gen=ok sail= ok  spike= ok  qemu= -- 
PASS  fcvt.d.lu      0xd23080d3              gen=ok sail= ok  spike= ok  qemu= -- 
PASS  fcvt.d.s       0x420100d3              gen=ok sail= ok  spike= ok  qemu= -- 
PASS  fcvt.d.w       0xd20080d3              gen=ok sail= ok  spike= ok  qemu= -- 
PASS  fcvt.d.wu      0xd21080d3              gen=ok sail= ok  spike= ok  qemu= -- 
PASS  fcvt.h.d       0x441100d3              gen=ok sail= ok  spike= ok  qemu= -- 
PASS  fcvt.h.l       0xd42080d3              gen=ok sail= ok  spike= ok  qemu= -- 
PASS  fcvt.h.lu      0xd43080d3              gen=ok sail= ok  spike= ok  qemu= -- 
PASS  fcvt.h.s       0x440100d3              gen=ok sail= ok  spike= ok  qemu= -- 
PASS  fcvt.h.w       0xd40080d3              gen=ok sail= ok  spike= ok  qemu= -- 
PASS  fcvt.h.wu      0xd41080d3              gen=ok sail= ok  spike= ok  qemu= -- 
PASS  fcvt.l.d       0xc22080d3              gen=ok sail= ok  spike= ok  qemu= -- 
PASS  fcvt.l.h       0xc42080d3              gen=ok sail= ok  spike= ok  qemu= -- 
PASS  fcvt.l.s       0xc02080d3              gen=ok sail= ok  spike= ok  qemu= -- 
PASS  fcvt.lu.d      0xc23080d3              gen=ok sail= ok  spike= ok  qemu= -- 
PASS  fcvt.lu.h      0xc43080d3              gen=ok sail= ok  spike= ok  qemu= -- 
PASS  fcvt.lu.s      0xc03080d3              gen=ok sail= ok  spike= ok  qemu= -- 
PASS  fcvt.s.d       0x401100d3              gen=ok sail= ok  spike= ok  qemu= -- 
PASS  fcvt.s.h       0x402100d3              gen=ok sail= ok  spike= ok  qemu= -- 
PASS  fcvt.s.l       0xd02080d3              gen=ok sail= ok  spike= ok  qemu= -- 
PASS  fcvt.s.lu      0xd03080d3              gen=ok sail= ok  spike= ok  qemu= -- 
PASS  fcvt.s.w       0xd00080d3              gen=ok sail= ok  spike= ok  qemu= -- 
PASS  fcvt.s.wu      0xd01080d3              gen=ok sail= ok  spike= ok  qemu= -- 
PASS  fcvt.w.d       0xc20080d3              gen=ok sail= ok  spike= ok  qemu= -- 
PASS  fcvt.w.h       0xc40080d3              gen=ok sail= ok  spike= ok  qemu= -- 
PASS  fcvt.w.s       0xc00080d3              gen=ok sail= ok  spike= ok  qemu= -- 
PASS  fcvt.wu.d      0xc21080d3              gen=ok sail= ok  spike= ok  qemu= -- 
PASS  fcvt.wu.h      0xc41080d3              gen=ok sail= ok  spike= ok  qemu= -- 
PASS  fcvt.wu.s      0xc01080d3              gen=ok sail= ok  spike= ok  qemu= -- 
PASS  fcvtmod.w.d    0xc28090d3              gen=ok sail= ok  spike= ok  qemu= -- 
PASS  fdiv.d         0x1a3100d3              gen=ok sail= ok  spike= ok  qemu= -- 
PASS  fdiv.h         0x1c3100d3              gen=ok sail= ok  spike= ok  qemu= -- 
PASS  fdiv.s         0x183100d3              gen=ok sail= ok  spike= ok  qemu= -- 
PASS  feq.d          0xa220a0d3              gen=ok sail= ok  spike= ok  qemu= -- 
PASS  feq.h          0xa420a0d3              gen=ok sail= ok  spike= ok  qemu= -- 
PASS  feq.s          0xa020a0d3              gen=ok sail= ok  spike= ok  qemu= -- 
NOENC flb                                    no such mnemonic at either XLEN (mnemonic-table cross-product artifact) -- not a failure
PASS  fld            0x800200b7+0x02009093+0x0200d093+0x0000b087  gen=ok sail= ok  spike= ok  qemu= -- 
PASS  fle.d          0xa22080d3              gen=ok sail= ok  spike= ok  qemu= -- 
PASS  fle.h          0xa42080d3              gen=ok sail= ok  spike= ok  qemu= -- 
PASS  fle.s          0xa02080d3              gen=ok sail= ok  spike= ok  qemu= -- 
PASS  fleq.d         0xa220c0d3              gen=ok sail= ok  spike= ok  qemu= -- 
PASS  fleq.h         0xa420c0d3              gen=ok sail= ok  spike= ok  qemu= -- 
PASS  fleq.s         0xa020c0d3              gen=ok sail= ok  spike= ok  qemu= -- 
PASS  flh            0x800200b7+0x02009093+0x0200d093+0x00009087  gen=ok sail= ok  spike= ok  qemu= -- 
PASS  fli.d          0xf21b80d3              gen=ok sail= ok  spike= ok  qemu= -- 
PASS  fli.h          0xf41b80d3              gen=ok sail= ok  spike= ok  qemu= -- 
PASS  fli.s          0xf01b80d3              gen=ok sail= ok  spike= ok  qemu= -- 
PASS  flt.d          0xa22090d3              gen=ok sail= ok  spike= ok  qemu= -- 
PASS  flt.h          0xa42090d3              gen=ok sail= ok  spike= ok  qemu= -- 
PASS  flt.s          0xa02090d3              gen=ok sail= ok  spike= ok  qemu= -- 
PASS  fltq.d         0xa220d0d3              gen=ok sail= ok  spike= ok  qemu= -- 
PASS  fltq.h         0xa420d0d3              gen=ok sail= ok  spike= ok  qemu= -- 
PASS  fltq.s         0xa020d0d3              gen=ok sail= ok  spike= ok  qemu= -- 
PASS  flw            0x800200b7+0x02009093+0x0200d093+0x0000a087  gen=ok sail= ok  spike= ok  qemu= -- 
PASS  fmadd.d        0x223100c3              gen=ok sail= ok  spike= ok  qemu= -- 
PASS  fmadd.h        0x243100c3              gen=ok sail= ok  spike= ok  qemu= -- 
PASS  fmadd.s        0x203100c3              gen=ok sail= ok  spike= ok  qemu= -- 
PASS  fmax.d         0x2a3110d3              gen=ok sail= ok  spike= ok  qemu= -- 
PASS  fmax.h         0x2c3110d3              gen=ok sail= ok  spike= ok  qemu= -- 
PASS  fmax.s         0x283110d3              gen=ok sail= ok  spike= ok  qemu= -- 
PASS  fmaxm.d        0x2a3130d3              gen=ok sail= ok  spike= ok  qemu= -- 
PASS  fmaxm.h        0x2c3130d3              gen=ok sail= ok  spike= ok  qemu= -- 
PASS  fmaxm.s        0x283130d3              gen=ok sail= ok  spike= ok  qemu= -- 
PASS  fmin.d         0x2a3100d3              gen=ok sail= ok  spike= ok  qemu= -- 
PASS  fmin.h         0x2c3100d3              gen=ok sail= ok  spike= ok  qemu= -- 
PASS  fmin.s         0x283100d3              gen=ok sail= ok  spike= ok  qemu= -- 
PASS  fminm.d        0x2a3120d3              gen=ok sail= ok  spike= ok  qemu= -- 
PASS  fminm.h        0x2c3120d3              gen=ok sail= ok  spike= ok  qemu= -- 
PASS  fminm.s        0x283120d3              gen=ok sail= ok  spike= ok  qemu= -- 
PASS  fmsub.d        0x223100c7              gen=ok sail= ok  spike= ok  qemu= -- 
PASS  fmsub.h        0x243100c7              gen=ok sail= ok  spike= ok  qemu= -- 
PASS  fmsub.s        0x203100c7              gen=ok sail= ok  spike= ok  qemu= -- 
PASS  fmul.d         0x123100d3              gen=ok sail= ok  spike= ok  qemu= -- 
PASS  fmul.h         0x143100d3              gen=ok sail= ok  spike= ok  qemu= -- 
PASS  fmul.s         0x103100d3              gen=ok sail= ok  spike= ok  qemu= -- 
PASS  fmv.d.x        0xf20080d3              gen=ok sail= ok  spike= ok  qemu= -- 
PASS  fmv.h.x        0xf40080d3              gen=ok sail= ok  spike= ok  qemu= -- 
PASS  fmv.w.x        0xf00080d3              gen=ok sail= ok  spike= ok  qemu= -- 
PASS  fmv.x.d        0xe20080d3              gen=ok sail= ok  spike= ok  qemu= -- 
PASS  fmv.x.h        0xe40080d3              gen=ok sail= ok  spike= ok  qemu= -- 
PASS  fmv.x.w        0xe00080d3              gen=ok sail= ok  spike= ok  qemu= -- 
SKIP  fmvh.x.d                               RV32-only (assembles for RV32, not RV64) -- not a failure
SKIP  fmvp.d.x                               RV32-only (assembles for RV32, not RV64) -- not a failure
PASS  fnmadd.d       0x223100cf              gen=ok sail= ok  spike= ok  qemu= -- 
PASS  fnmadd.h       0x243100cf              gen=ok sail= ok  spike= ok  qemu= -- 
PASS  fnmadd.s       0x203100cf              gen=ok sail= ok  spike= ok  qemu= -- 
PASS  fnmsub.d       0x223100cb              gen=ok sail= ok  spike= ok  qemu= -- 
PASS  fnmsub.h       0x243100cb              gen=ok sail= ok  spike= ok  qemu= -- 
PASS  fnmsub.s       0x203100cb              gen=ok sail= ok  spike= ok  qemu= -- 
PASS  fround.d       0x424100d3              gen=ok sail= ok  spike= ok  qemu= -- 
PASS  fround.h       0x444100d3              gen=ok sail= ok  spike= ok  qemu= -- 
PASS  fround.s       0x404100d3              gen=ok sail= ok  spike= ok  qemu= -- 
PASS  froundnx.d     0x425100d3              gen=ok sail= ok  spike= ok  qemu= -- 
PASS  froundnx.h     0x445100d3              gen=ok sail= ok  spike= ok  qemu= -- 
PASS  froundnx.s     0x405100d3              gen=ok sail= ok  spike= ok  qemu= -- 
NOENC fsb                                    no such mnemonic at either XLEN (mnemonic-table cross-product artifact) -- not a failure
PASS  fsd            0x800200b7+0x02009093+0x0200d093+0x0010b027  gen=ok sail= ok  spike= ok  qemu= -- 
PASS  fsgnj.d        0x223100d3              gen=ok sail= ok  spike= ok  qemu= -- 
PASS  fsgnj.h        0x243100d3              gen=ok sail= ok  spike= ok  qemu= -- 
PASS  fsgnj.s        0x203100d3              gen=ok sail= ok  spike= ok  qemu= -- 
PASS  fsgnjn.d       0x223110d3              gen=ok sail= ok  spike= ok  qemu= -- 
PASS  fsgnjn.h       0x243110d3              gen=ok sail= ok  spike= ok  qemu= -- 
PASS  fsgnjn.s       0x203110d3              gen=ok sail= ok  spike= ok  qemu= -- 
PASS  fsgnjx.d       0x223120d3              gen=ok sail= ok  spike= ok  qemu= -- 
PASS  fsgnjx.h       0x243120d3              gen=ok sail= ok  spike= ok  qemu= -- 
PASS  fsgnjx.s       0x203120d3              gen=ok sail= ok  spike= ok  qemu= -- 
PASS  fsh            0x800200b7+0x02009093+0x0200d093+0x00109027  gen=ok sail= ok  spike= ok  qemu= -- 
PASS  fsqrt.d        0x5a0100d3              gen=ok sail= ok  spike= ok  qemu= -- 
PASS  fsqrt.h        0x5c0100d3              gen=ok sail= ok  spike= ok  qemu= -- 
PASS  fsqrt.s        0x580100d3              gen=ok sail= ok  spike= ok  qemu= -- 
PASS  fsub.d         0x0a3100d3              gen=ok sail= ok  spike= ok  qemu= -- 
PASS  fsub.h         0x0c3100d3              gen=ok sail= ok  spike= ok  qemu= -- 
PASS  fsub.s         0x083100d3              gen=ok sail= ok  spike= ok  qemu= -- 
PASS  fsw            0x800200b7+0x02009093+0x0200d093+0x0010a027  gen=ok sail= ok  spike= ok  qemu= -- 

118/118 instructions: parsed from the model, generated, and passing on every available simulator (ok/FAIL/-- = pass/fail/not run)
  (2 skipped as wrong-XLEN, not counted above: fmvh.x.d, fmvp.d.x)
  (2 not real mnemonics, not counted above: flb, fsb)
  sail   118 pass, 0 fail, 0 not installed
  spike  118 pass, 0 fail, 0 not installed
  qemu   0 pass, 0 fail, 118 not installed

========================================================================
== V RV32  (M7)
========================================================================
# extension=V march_ext=v_zicsr out_dir=/tmp/sweep-final/V
PASS  vaadd.vv       0x0d0070d7+0x270c2457   gen=ok sail= ok  spike= ok  qemu= -- 
PASS  vaadd.vx       0x0d0070d7+0x27016457   gen=ok sail= ok  spike= ok  qemu= -- 
PASS  vaaddu.vv      0x0d0070d7+0x230c2457   gen=ok sail= ok  spike= ok  qemu= -- 
PASS  vaaddu.vx      0x0d0070d7+0x23016457   gen=ok sail= ok  spike= ok  qemu= -- 
PASS  vadc.vim       0x0d0070d7+0x41023457   gen=ok sail= ok  spike= ok  qemu= -- 
PASS  vadc.vvm       0x0d0070d7+0x410c0457   gen=ok sail= ok  spike= ok  qemu= -- 
PASS  vadc.vxm       0x0d0070d7+0x41014457   gen=ok sail= ok  spike= ok  qemu= -- 
PASS  vadd.vi        0x0d0070d7+0x03023457   gen=ok sail= ok  spike= ok  qemu= -- 
PASS  vadd.vv        0x0d0070d7+0x030c0457   gen=ok sail= ok  spike= ok  qemu= -- 
PASS  vadd.vx        0x0d0070d7+0x03014457   gen=ok sail= ok  spike= ok  qemu= -- 
PASS  vand.vi        0x0d0070d7+0x27023457   gen=ok sail= ok  spike= ok  qemu= -- 
PASS  vand.vv        0x0d0070d7+0x270c0457   gen=ok sail= ok  spike= ok  qemu= -- 
PASS  vand.vx        0x0d0070d7+0x27014457   gen=ok sail= ok  spike= ok  qemu= -- 
PASS  vasub.vv       0x0d0070d7+0x2f0c2457   gen=ok sail= ok  spike= ok  qemu= -- 
PASS  vasub.vx       0x0d0070d7+0x2f016457   gen=ok sail= ok  spike= ok  qemu= -- 
PASS  vasubu.vv      0x0d0070d7+0x2b0c2457   gen=ok sail= ok  spike= ok  qemu= -- 
PASS  vasubu.vx      0x0d0070d7+0x2b016457   gen=ok sail= ok  spike= ok  qemu= -- 
FAIL  vcompress.vm   0x0d0070d7+0x5f0c2457   gen=ok sail=FAIL spike=FAIL qemu= --    <- sail: FAILURE: 1 (0x00000001); spike: *** FAILED *** (tohost = 1)
PASS  vcpop.m        0x0d0070d7+0x42882157   gen=ok sail= ok  spike= ok  qemu= -- 
PASS  vdiv.vv        0x0d0070d7+0x870c2457   gen=ok sail= ok  spike= ok  qemu= -- 
PASS  vdiv.vx        0x0d0070d7+0x87016457   gen=ok sail= ok  spike= ok  qemu= -- 
PASS  vdivu.vv       0x0d0070d7+0x830c2457   gen=ok sail= ok  spike= ok  qemu= -- 
PASS  vdivu.vx       0x0d0070d7+0x83016457   gen=ok sail= ok  spike= ok  qemu= -- 
PASS  vfadd.vf       0x0d0070d7+0x0300d457   gen=ok sail= ok  spike= ok  qemu= -- 
PASS  vfadd.vv       0x0d0070d7+0x030c1457   gen=ok sail= ok  spike= ok  qemu= -- 
PASS  vfclass.v      0x0d0070d7+0x4f081457   gen=ok sail= ok  spike= ok  qemu= -- 
PASS  vfcvt.f.x.v    0x0d0070d7+0x4b019457   gen=ok sail= ok  spike= ok  qemu= -- 
PASS  vfcvt.f.xu.v   0x0d0070d7+0x4b011457   gen=ok sail= ok  spike= ok  qemu= -- 
PASS  vfcvt.rtz.x.f.v 0x0d0070d7+0x4b039457   gen=ok sail= ok  spike= ok  qemu= -- 
PASS  vfcvt.rtz.xu.f.v 0x0d0070d7+0x4b031457   gen=ok sail= ok  spike= ok  qemu= -- 
PASS  vfcvt.x.f.v    0x0d0070d7+0x4b009457   gen=ok sail= ok  spike= ok  qemu= -- 
PASS  vfcvt.xu.f.v   0x0d0070d7+0x4b001457   gen=ok sail= ok  spike= ok  qemu= -- 
PASS  vfdiv.vf       0x0d0070d7+0x8300d457   gen=ok sail= ok  spike= ok  qemu= -- 
PASS  vfdiv.vv       0x0d0070d7+0x830c1457   gen=ok sail= ok  spike= ok  qemu= -- 
PASS  vfirst.m       0x0d0070d7+0x4288a157   gen=ok sail= ok  spike= ok  qemu= -- 
PASS  vfmacc.vf      0x0d0070d7+0xb300d457   gen=ok sail= ok  spike= ok  qemu= -- 
PASS  vfmacc.vv      0x0d0070d7+0xb3881457   gen=ok sail= ok  spike= ok  qemu= -- 
PASS  vfmadd.vf      0x0d0070d7+0xa300d457   gen=ok sail= ok  spike= ok  qemu= -- 
PASS  vfmadd.vv      0x0d0070d7+0xa3881457   gen=ok sail= ok  spike= ok  qemu= -- 
PASS  vfmax.vf       0x0d0070d7+0x1b00d457   gen=ok sail= ok  spike= ok  qemu= -- 
PASS  vfmax.vv       0x0d0070d7+0x1b0c1457   gen=ok sail= ok  spike= ok  qemu= -- 
PASS  vfmerge.vfm    0x0d0070d7+0x5d00d457   gen=ok sail= ok  spike= ok  qemu= -- 
PASS  vfmin.vf       0x0d0070d7+0x1300d457   gen=ok sail= ok  spike= ok  qemu= -- 
PASS  vfmin.vv       0x0d0070d7+0x130c1457   gen=ok sail= ok  spike= ok  qemu= -- 
PASS  vfmsac.vf      0x0d0070d7+0xbb00d457   gen=ok sail= ok  spike= ok  qemu= -- 
PASS  vfmsac.vv      0x0d0070d7+0xbb881457   gen=ok sail= ok  spike= ok  qemu= -- 
PASS  vfmsub.vf      0x0d0070d7+0xab00d457   gen=ok sail= ok  spike= ok  qemu= -- 
PASS  vfmsub.vv      0x0d0070d7+0xab881457   gen=ok sail= ok  spike= ok  qemu= -- 
PASS  vfmul.vf       0x0d0070d7+0x9300d457   gen=ok sail= ok  spike= ok  qemu= -- 
PASS  vfmul.vv       0x0d0070d7+0x930c1457   gen=ok sail= ok  spike= ok  qemu= -- 
PASS  vfmv.f.s       0x0d0070d7+0x428010d7   gen=ok sail= ok  spike= ok  qemu= -- 
PASS  vfmv.s.f       0x0d0070d7+0x4200d457   gen=ok sail= ok  spike= ok  qemu= -- 
PASS  vfmv.v.f       0x0d0070d7+0x5e00d457   gen=ok sail= ok  spike= ok  qemu= -- 
PASS  vfncvt.f.f.w   0x0d0070d7+0x4b0a1457   gen=ok sail= ok  spike= ok  qemu= -- 
PASS  vfncvt.f.x.w   0x0d0070d7+0x4b099457   gen=ok sail= ok  spike= ok  qemu= -- 
PASS  vfncvt.f.xu.w  0x0d0070d7+0x4b091457   gen=ok sail= ok  spike= ok  qemu= -- 
PASS  vfncvt.rod.f.f.w 0x0d0070d7+0x4b0a9457   gen=ok sail= ok  spike= ok  qemu= -- 
PASS  vfncvt.rtz.x.f.w 0x0d0070d7+0x4b0b9457   gen=ok sail= ok  spike= ok  qemu= -- 
PASS  vfncvt.rtz.xu.f.w 0x0d0070d7+0x4b0b1457   gen=ok sail= ok  spike= ok  qemu= -- 
PASS  vfncvt.x.f.w   0x0d0070d7+0x4b089457   gen=ok sail= ok  spike= ok  qemu= -- 
PASS  vfncvt.xu.f.w  0x0d0070d7+0x4b081457   gen=ok sail= ok  spike= ok  qemu= -- 
PASS  vfnmacc.vf     0x0d0070d7+0xb700d457   gen=ok sail= ok  spike= ok  qemu= -- 
PASS  vfnmacc.vv     0x0d0070d7+0xb7881457   gen=ok sail= ok  spike= ok  qemu= -- 
PASS  vfnmadd.vf     0x0d0070d7+0xa700d457   gen=ok sail= ok  spike= ok  qemu= -- 
PASS  vfnmadd.vv     0x0d0070d7+0xa7881457   gen=ok sail= ok  spike= ok  qemu= -- 
FAIL  vfnmsac.vf     0x0d0070d7+0xbf00d457   gen=ok sail=FAIL spike=FAIL qemu= --    <- sail: FAILURE: 1 (0x00000001); spike: *** FAILED *** (tohost = 1)
PASS  vfnmsac.vv     0x0d0070d7+0xbf881457   gen=ok sail= ok  spike= ok  qemu= -- 
PASS  vfnmsub.vf     0x0d0070d7+0xaf00d457   gen=ok sail= ok  spike= ok  qemu= -- 
PASS  vfnmsub.vv     0x0d0070d7+0xaf881457   gen=ok sail= ok  spike= ok  qemu= -- 
PASS  vfrdiv.vf      0x0d0070d7+0x8700d457   gen=ok sail= ok  spike= ok  qemu= -- 
PASS  vfrec7.v       0x0d0070d7+0x4f029457   gen=ok sail= ok  spike= ok  qemu= -- 
PASS  vfredmax.vs    0x0d0070d7+0x1f0c1457   gen=ok sail= ok  spike= ok  qemu= -- 
PASS  vfredmin.vs    0x0d0070d7+0x170c1457   gen=ok sail= ok  spike= ok  qemu= -- 
PASS  vfredosum.vs   0x0d0070d7+0x0f0c1457   gen=ok sail= ok  spike= ok  qemu= -- 
PASS  vfredusum.vs   0x0d0070d7+0x070c1457   gen=ok sail= ok  spike= ok  qemu= -- 
PASS  vfrsqrt7.v     0x0d0070d7+0x4f021457   gen=ok sail= ok  spike= ok  qemu= -- 
PASS  vfrsub.vf      0x0d0070d7+0x9f00d457   gen=ok sail= ok  spike= ok  qemu= -- 
PASS  vfsgnj.vf      0x0d0070d7+0x2300d457   gen=ok sail= ok  spike= ok  qemu= -- 
FAIL  vfsgnj.vv      0x0d0070d7+0x230c1457   gen=ok sail=FAIL spike=FAIL qemu= --    <- sail: FAILURE: 1 (0x00000001); spike: *** FAILED *** (tohost = 1)
PASS  vfsgnjn.vf     0x0d0070d7+0x2700d457   gen=ok sail= ok  spike= ok  qemu= -- 
PASS  vfsgnjn.vv     0x0d0070d7+0x270c1457   gen=ok sail= ok  spike= ok  qemu= -- 
PASS  vfsgnjx.vf     0x0d0070d7+0x2b00d457   gen=ok sail= ok  spike= ok  qemu= -- 
PASS  vfsgnjx.vv     0x0d0070d7+0x2b0c1457   gen=ok sail= ok  spike= ok  qemu= -- 
PASS  vfslide1down.vf 0x0d0070d7+0x3f00d457   gen=ok sail= ok  spike= ok  qemu= -- 
PASS  vfslide1up.vf  0x0d0070d7+0x3b00d457   gen=ok sail= ok  spike= ok  qemu= -- 
PASS  vfsqrt.v       0x0d0070d7+0x4f001457   gen=ok sail= ok  spike= ok  qemu= -- 
PASS  vfsub.vf       0x0d0070d7+0x0b00d457   gen=ok sail= ok  spike= ok  qemu= -- 
PASS  vfsub.vv       0x0d0070d7+0x0b0c1457   gen=ok sail= ok  spike= ok  qemu= -- 
FAIL  vfwadd.vf      0x0d0070d7+0xc300d457   gen=ok sail=FAIL spike=FAIL qemu= --    <- sail: FAILURE: 1 (0x00000001); spike: *** FAILED *** (tohost = 1)
PASS  vfwadd.vv      0x0d0070d7+0xc30c1457   gen=ok sail= ok  spike= ok  qemu= -- 
PASS  vfwadd.wf      0x0d0070d7+0xd300d457   gen=ok sail= ok  spike= ok  qemu= -- 
PASS  vfwadd.wv      0x0d0070d7+0xd30c1457   gen=ok sail= ok  spike= ok  qemu= -- 
FAIL  vfwcvt.f.f.v   0x0d0070d7+0x4b061457   gen=ok sail=FAIL spike=FAIL qemu= --    <- sail: FAILURE: 1 (0x00000001); spike: *** FAILED *** (tohost = 1)
PASS  vfwcvt.f.x.v   0x0d0070d7+0x4b059457   gen=ok sail= ok  spike= ok  qemu= -- 
PASS  vfwcvt.f.xu.v  0x0d0070d7+0x4b051457   gen=ok sail= ok  spike= ok  qemu= -- 
PASS  vfwcvt.rtz.x.f.v 0x0d0070d7+0x4b079457   gen=ok sail= ok  spike= ok  qemu= -- 
PASS  vfwcvt.rtz.xu.f.v 0x0d0070d7+0x4b071457   gen=ok sail= ok  spike= ok  qemu= -- 
PASS  vfwcvt.x.f.v   0x0d0070d7+0x4b049457   gen=ok sail= ok  spike= ok  qemu= -- 
PASS  vfwcvt.xu.f.v  0x0d0070d7+0x4b041457   gen=ok sail= ok  spike= ok  qemu= -- 
PASS  vfwmacc.vf     0x0d0070d7+0xf300d457   gen=ok sail= ok  spike= ok  qemu= -- 
PASS  vfwmacc.vv     0x0d0070d7+0xf3881457   gen=ok sail= ok  spike= ok  qemu= -- 
PASS  vfwmsac.vf     0x0d0070d7+0xfb00d457   gen=ok sail= ok  spike= ok  qemu= -- 
PASS  vfwmsac.vv     0x0d0070d7+0xfb881457   gen=ok sail= ok  spike= ok  qemu= -- 
PASS  vfwmul.vf      0x0d0070d7+0xe300d457   gen=ok sail= ok  spike= ok  qemu= -- 
PASS  vfwmul.vv      0x0d0070d7+0xe30c1457   gen=ok sail= ok  spike= ok  qemu= -- 
PASS  vfwnmacc.vf    0x0d0070d7+0xf700d457   gen=ok sail= ok  spike= ok  qemu= -- 
PASS  vfwnmacc.vv    0x0d0070d7+0xf7881457   gen=ok sail= ok  spike= ok  qemu= -- 
PASS  vfwnmsac.vf    0x0d0070d7+0xff00d457   gen=ok sail= ok  spike= ok  qemu= -- 
PASS  vfwnmsac.vv    0x0d0070d7+0xff881457   gen=ok sail= ok  spike= ok  qemu= -- 
PASS  vfwredosum.vs  0x0d0070d7+0xcf0c1457   gen=ok sail= ok  spike= ok  qemu= -- 
FAIL  vfwredusum.vs  0x0d0070d7+0xc70c1457   gen=ok sail=FAIL spike=FAIL qemu= --    <- sail: FAILURE: 1 (0x00000001); spike: *** FAILED *** (tohost = 1)
PASS  vfwsub.vf      0x0d0070d7+0xcb00d457   gen=ok sail= ok  spike= ok  qemu= -- 
PASS  vfwsub.vv      0x0d0070d7+0xcb0c1457   gen=ok sail= ok  spike= ok  qemu= -- 
PASS  vfwsub.wf      0x0d0070d7+0xdb00d457   gen=ok sail= ok  spike= ok  qemu= -- 
PASS  vfwsub.wv      0x0d0070d7+0xdb0c1457   gen=ok sail= ok  spike= ok  qemu= -- 
PASS  vid.v          0x0d0070d7+0x5208a457   gen=ok sail= ok  spike= ok  qemu= -- 
PASS  viota.m        0x0d0070d7+0x53082457   gen=ok sail= ok  spike= ok  qemu= -- 
PASS  vl1re16.v      0x0c8070d7+0x80020137+0x02815407  gen=ok sail= ok  spike= ok  qemu= -- 
PASS  vl1re32.v      0x0d0070d7+0x80020137+0x02816407  gen=ok sail= ok  spike= ok  qemu= -- 
PASS  vl1re64.v      0x0d8070d7+0x80020137+0x02817407  gen=ok sail= ok  spike= ok  qemu= -- 
PASS  vl1re8.v       0x0c0070d7+0x80020137+0x02810407  gen=ok sail= ok  spike= ok  qemu= -- 
PASS  vl2re16.v      0x0c8070d7+0x80020137+0x22815407  gen=ok sail= ok  spike= ok  qemu= -- 
PASS  vl2re32.v      0x0d0070d7+0x80020137+0x22816407  gen=ok sail= ok  spike= ok  qemu= -- 
PASS  vl2re64.v      0x0d8070d7+0x80020137+0x22817407  gen=ok sail= ok  spike= ok  qemu= -- 
PASS  vl2re8.v       0x0c0070d7+0x80020137+0x22810407  gen=ok sail= ok  spike= ok  qemu= -- 
PASS  vl4re16.v      0x0c8070d7+0x80020137+0x62815407  gen=ok sail= ok  spike= ok  qemu= -- 
PASS  vl4re32.v      0x0d0070d7+0x80020137+0x62816407  gen=ok sail= ok  spike= ok  qemu= -- 
PASS  vl4re64.v      0x0d8070d7+0x80020137+0x62817407  gen=ok sail= ok  spike= ok  qemu= -- 
PASS  vl4re8.v       0x0c0070d7+0x80020137+0x62810407  gen=ok sail= ok  spike= ok  qemu= -- 
PASS  vl8re16.v      0x0c8070d7+0x80020137+0xe2815407  gen=ok sail= ok  spike= ok  qemu= -- 
PASS  vl8re32.v      0x0d0070d7+0x80020137+0xe2816407  gen=ok sail= ok  spike= ok  qemu= -- 
PASS  vl8re64.v      0x0d8070d7+0x80020137+0xe2817407  gen=ok sail= ok  spike= ok  qemu= -- 
PASS  vl8re8.v       0x0c0070d7+0x80020137+0xe2810407  gen=ok sail= ok  spike= ok  qemu= -- 
PASS  vle16.v        0x0c8070d7+0x80020137+0x02015407  gen=ok sail= ok  spike= ok  qemu= -- 
PASS  vle16ff.v      0x0c8070d7+0x80020137+0x03015407  gen=ok sail= ok  spike= ok  qemu= -- 
PASS  vle32.v        0x0d0070d7+0x80020137+0x02016407  gen=ok sail= ok  spike= ok  qemu= -- 
PASS  vle32ff.v      0x0d0070d7+0x80020137+0x03016407  gen=ok sail= ok  spike= ok  qemu= -- 
PASS  vle64.v        0x0d8070d7+0x80020137+0x02017407  gen=ok sail= ok  spike= ok  qemu= -- 
PASS  vle64ff.v      0x0d8070d7+0x80020137+0x03017407  gen=ok sail= ok  spike= ok  qemu= -- 
PASS  vle8.v         0x0c0070d7+0x80020137+0x02010407  gen=ok sail= ok  spike= ok  qemu= -- 
PASS  vle8ff.v       0x0c0070d7+0x80020137+0x03010407  gen=ok sail= ok  spike= ok  qemu= -- 
PASS  vlm.v          0x0d0070d7+0x80020137+0x02b10407  gen=ok sail= ok  spike= ok  qemu= -- 
PASS  vloxei16.v     0x0d0070d7+0x80020137+0x0f015407  gen=ok sail= ok  spike= ok  qemu= -- 
PASS  vloxei32.v     0x0d0070d7+0x80020137+0x0f016407  gen=ok sail= ok  spike= ok  qemu= -- 
FAIL  vloxei64.v     0x0d0070d7+0x80020137+0x0f017407  gen=ok sail= ok  spike=FAIL qemu= --    <- spike: *** FAILED *** (tohost = 1)
PASS  vloxei8.v      0x0d0070d7+0x80020137+0x0f010407  gen=ok sail= ok  spike= ok  qemu= -- 
PASS  vloxseg2ei16.v 0x0d0070d7+0x80020137+0x2f015407  gen=ok sail= ok  spike= ok  qemu= -- 
PASS  vloxseg2ei32.v 0x0d0070d7+0x80020137+0x2f016407  gen=ok sail= ok  spike= ok  qemu= -- 
FAIL  vloxseg2ei64.v 0x0d0070d7+0x80020137+0x2f017407  gen=ok sail= ok  spike=FAIL qemu= --    <- spike: *** FAILED *** (tohost = 1)
PASS  vloxseg2ei8.v  0x0d0070d7+0x80020137+0x2f010407  gen=ok sail= ok  spike= ok  qemu= -- 
PASS  vloxseg3ei16.v 0x0d0070d7+0x80020137+0x4f015407  gen=ok sail= ok  spike= ok  qemu= -- 
PASS  vloxseg3ei32.v 0x0d0070d7+0x80020137+0x4f016407  gen=ok sail= ok  spike= ok  qemu= -- 
FAIL  vloxseg3ei64.v 0x0d0070d7+0x80020137+0x4f017407  gen=ok sail= ok  spike=FAIL qemu= --    <- spike: *** FAILED *** (tohost = 1)
PASS  vloxseg3ei8.v  0x0d0070d7+0x80020137+0x4f010407  gen=ok sail= ok  spike= ok  qemu= -- 
PASS  vloxseg4ei16.v 0x0d0070d7+0x80020137+0x6f015407  gen=ok sail= ok  spike= ok  qemu= -- 
PASS  vloxseg4ei32.v 0x0d0070d7+0x80020137+0x6f016407  gen=ok sail= ok  spike= ok  qemu= -- 
FAIL  vloxseg4ei64.v 0x0d0070d7+0x80020137+0x6f017407  gen=ok sail= ok  spike=FAIL qemu= --    <- spike: *** FAILED *** (tohost = 1)
PASS  vloxseg4ei8.v  0x0d0070d7+0x80020137+0x6f010407  gen=ok sail= ok  spike= ok  qemu= -- 
PASS  vloxseg5ei16.v 0x0d0070d7+0x80020137+0x8f015407  gen=ok sail= ok  spike= ok  qemu= -- 
PASS  vloxseg5ei32.v 0x0d0070d7+0x80020137+0x8f016407  gen=ok sail= ok  spike= ok  qemu= -- 
FAIL  vloxseg5ei64.v 0x0d0070d7+0x80020137+0x8f017407  gen=ok sail= ok  spike=FAIL qemu= --    <- spike: *** FAILED *** (tohost = 1)
PASS  vloxseg5ei8.v  0x0d0070d7+0x80020137+0x8f010407  gen=ok sail= ok  spike= ok  qemu= -- 
PASS  vloxseg6ei16.v 0x0d0070d7+0x80020137+0xaf015407  gen=ok sail= ok  spike= ok  qemu= -- 
PASS  vloxseg6ei32.v 0x0d0070d7+0x80020137+0xaf016407  gen=ok sail= ok  spike= ok  qemu= -- 
FAIL  vloxseg6ei64.v 0x0d0070d7+0x80020137+0xaf017407  gen=ok sail= ok  spike=FAIL qemu= --    <- spike: *** FAILED *** (tohost = 1)
PASS  vloxseg6ei8.v  0x0d0070d7+0x80020137+0xaf010407  gen=ok sail= ok  spike= ok  qemu= -- 
PASS  vloxseg7ei16.v 0x0d0070d7+0x80020137+0xcf015407  gen=ok sail= ok  spike= ok  qemu= -- 
PASS  vloxseg7ei32.v 0x0d0070d7+0x80020137+0xcf016407  gen=ok sail= ok  spike= ok  qemu= -- 
FAIL  vloxseg7ei64.v 0x0d0070d7+0x80020137+0xcf017407  gen=ok sail= ok  spike=FAIL qemu= --    <- spike: *** FAILED *** (tohost = 1)
PASS  vloxseg7ei8.v  0x0d0070d7+0x80020137+0xcf010407  gen=ok sail= ok  spike= ok  qemu= -- 
PASS  vloxseg8ei16.v 0x0d0070d7+0x80020137+0xef015407  gen=ok sail= ok  spike= ok  qemu= -- 
PASS  vloxseg8ei32.v 0x0d0070d7+0x80020137+0xef016407  gen=ok sail= ok  spike= ok  qemu= -- 
FAIL  vloxseg8ei64.v 0x0d0070d7+0x80020137+0xef017407  gen=ok sail= ok  spike=FAIL qemu= --    <- spike: *** FAILED *** (tohost = 1)
PASS  vloxseg8ei8.v  0x0d0070d7+0x80020137+0xef010407  gen=ok sail= ok  spike= ok  qemu= -- 
FAIL  vlse16.v       0x0c8070d7+0x80020137+0x00800193+0x0a315407  gen=ok sail=FAIL spike=FAIL qemu= --    <- sail: FAILURE: 1 (0x00000001); spike: *** FAILED *** (tohost = 1)
PASS  vlse32.v       0x0d0070d7+0x80020137+0x00800193+0x0a316407  gen=ok sail= ok  spike= ok  qemu= -- 
PASS  vlse64.v       0x0d8070d7+0x80020137+0x00800193+0x0a317407  gen=ok sail= ok  spike= ok  qemu= -- 
PASS  vlse8.v        0x0c0070d7+0x80020137+0x00800193+0x0a310407  gen=ok sail= ok  spike= ok  qemu= -- 
PASS  vlseg2e16.v    0x0c8070d7+0x80020137+0x22015407  gen=ok sail= ok  spike= ok  qemu= -- 
FAIL  vlseg2e16ff.v  0x0c8070d7+0x80020137+0x23015407  gen=ok sail=FAIL spike=FAIL qemu= --    <- sail: FAILURE: 1 (0x00000001); spike: *** FAILED *** (tohost = 1)
PASS  vlseg2e32.v    0x0d0070d7+0x80020137+0x22016407  gen=ok sail= ok  spike= ok  qemu= -- 
PASS  vlseg2e32ff.v  0x0d0070d7+0x80020137+0x23016407  gen=ok sail= ok  spike= ok  qemu= -- 
PASS  vlseg2e64.v    0x0d8070d7+0x80020137+0x22017407  gen=ok sail= ok  spike= ok  qemu= -- 
FAIL  vlseg2e64ff.v  0x0d8070d7+0x80020137+0x23017407  gen=ok sail=FAIL spike=FAIL qemu= --    <- sail: FAILURE: 1 (0x00000001); spike: *** FAILED *** (tohost = 1)
PASS  vlseg2e8.v     0x0c0070d7+0x80020137+0x22010407  gen=ok sail= ok  spike= ok  qemu= -- 
PASS  vlseg2e8ff.v   0x0c0070d7+0x80020137+0x23010407  gen=ok sail= ok  spike= ok  qemu= -- 
PASS  vlseg3e16.v    0x0c8070d7+0x80020137+0x42015407  gen=ok sail= ok  spike= ok  qemu= -- 
PASS  vlseg3e16ff.v  0x0c8070d7+0x80020137+0x43015407  gen=ok sail= ok  spike= ok  qemu= -- 
PASS  vlseg3e32.v    0x0d0070d7+0x80020137+0x42016407  gen=ok sail= ok  spike= ok  qemu= -- 
PASS  vlseg3e32ff.v  0x0d0070d7+0x80020137+0x43016407  gen=ok sail= ok  spike= ok  qemu= -- 
PASS  vlseg3e64.v    0x0d8070d7+0x80020137+0x42017407  gen=ok sail= ok  spike= ok  qemu= -- 
PASS  vlseg3e64ff.v  0x0d8070d7+0x80020137+0x43017407  gen=ok sail= ok  spike= ok  qemu= -- 
PASS  vlseg3e8.v     0x0c0070d7+0x80020137+0x42010407  gen=ok sail= ok  spike= ok  qemu= -- 
PASS  vlseg3e8ff.v   0x0c0070d7+0x80020137+0x43010407  gen=ok sail= ok  spike= ok  qemu= -- 
PASS  vlseg4e16.v    0x0c8070d7+0x80020137+0x62015407  gen=ok sail= ok  spike= ok  qemu= -- 
PASS  vlseg4e16ff.v  0x0c8070d7+0x80020137+0x63015407  gen=ok sail= ok  spike= ok  qemu= -- 
PASS  vlseg4e32.v    0x0d0070d7+0x80020137+0x62016407  gen=ok sail= ok  spike= ok  qemu= -- 
PASS  vlseg4e32ff.v  0x0d0070d7+0x80020137+0x63016407  gen=ok sail= ok  spike= ok  qemu= -- 
PASS  vlseg4e64.v    0x0d8070d7+0x80020137+0x62017407  gen=ok sail= ok  spike= ok  qemu= -- 
FAIL  vlseg4e64ff.v  0x0d8070d7+0x80020137+0x63017407  gen=ok sail=FAIL spike=FAIL qemu= --    <- sail: FAILURE: 1 (0x00000001); spike: *** FAILED *** (tohost = 1)
PASS  vlseg4e8.v     0x0c0070d7+0x80020137+0x62010407  gen=ok sail= ok  spike= ok  qemu= -- 
PASS  vlseg4e8ff.v   0x0c0070d7+0x80020137+0x63010407  gen=ok sail= ok  spike= ok  qemu= -- 
PASS  vlseg5e16.v    0x0c8070d7+0x80020137+0x82015407  gen=ok sail= ok  spike= ok  qemu= -- 
PASS  vlseg5e16ff.v  0x0c8070d7+0x80020137+0x83015407  gen=ok sail= ok  spike= ok  qemu= -- 
PASS  vlseg5e32.v    0x0d0070d7+0x80020137+0x82016407  gen=ok sail= ok  spike= ok  qemu= -- 
PASS  vlseg5e32ff.v  0x0d0070d7+0x80020137+0x83016407  gen=ok sail= ok  spike= ok  qemu= -- 
PASS  vlseg5e64.v    0x0d8070d7+0x80020137+0x82017407  gen=ok sail= ok  spike= ok  qemu= -- 
PASS  vlseg5e64ff.v  0x0d8070d7+0x80020137+0x83017407  gen=ok sail= ok  spike= ok  qemu= -- 
PASS  vlseg5e8.v     0x0c0070d7+0x80020137+0x82010407  gen=ok sail= ok  spike= ok  qemu= -- 
PASS  vlseg5e8ff.v   0x0c0070d7+0x80020137+0x83010407  gen=ok sail= ok  spike= ok  qemu= -- 
PASS  vlseg6e16.v    0x0c8070d7+0x80020137+0xa2015407  gen=ok sail= ok  spike= ok  qemu= -- 
PASS  vlseg6e16ff.v  0x0c8070d7+0x80020137+0xa3015407  gen=ok sail= ok  spike= ok  qemu= -- 
PASS  vlseg6e32.v    0x0d0070d7+0x80020137+0xa2016407  gen=ok sail= ok  spike= ok  qemu= -- 
PASS  vlseg6e32ff.v  0x0d0070d7+0x80020137+0xa3016407  gen=ok sail= ok  spike= ok  qemu= -- 
PASS  vlseg6e64.v    0x0d8070d7+0x80020137+0xa2017407  gen=ok sail= ok  spike= ok  qemu= -- 
PASS  vlseg6e64ff.v  0x0d8070d7+0x80020137+0xa3017407  gen=ok sail= ok  spike= ok  qemu= -- 
PASS  vlseg6e8.v     0x0c0070d7+0x80020137+0xa2010407  gen=ok sail= ok  spike= ok  qemu= -- 
PASS  vlseg6e8ff.v   0x0c0070d7+0x80020137+0xa3010407  gen=ok sail= ok  spike= ok  qemu= -- 
FAIL  vlseg7e16.v    0x0c8070d7+0x80020137+0xc2015407  gen=ok sail=FAIL spike=FAIL qemu= --    <- sail: FAILURE: 1 (0x00000001); spike: *** FAILED *** (tohost = 1)
PASS  vlseg7e16ff.v  0x0c8070d7+0x80020137+0xc3015407  gen=ok sail= ok  spike= ok  qemu= -- 
PASS  vlseg7e32.v    0x0d0070d7+0x80020137+0xc2016407  gen=ok sail= ok  spike= ok  qemu= -- 
PASS  vlseg7e32ff.v  0x0d0070d7+0x80020137+0xc3016407  gen=ok sail= ok  spike= ok  qemu= -- 
PASS  vlseg7e64.v    0x0d8070d7+0x80020137+0xc2017407  gen=ok sail= ok  spike= ok  qemu= -- 
PASS  vlseg7e64ff.v  0x0d8070d7+0x80020137+0xc3017407  gen=ok sail= ok  spike= ok  qemu= -- 
PASS  vlseg7e8.v     0x0c0070d7+0x80020137+0xc2010407  gen=ok sail= ok  spike= ok  qemu= -- 
PASS  vlseg7e8ff.v   0x0c0070d7+0x80020137+0xc3010407  gen=ok sail= ok  spike= ok  qemu= -- 
PASS  vlseg8e16.v    0x0c8070d7+0x80020137+0xe2015407  gen=ok sail= ok  spike= ok  qemu= -- 
PASS  vlseg8e16ff.v  0x0c8070d7+0x80020137+0xe3015407  gen=ok sail= ok  spike= ok  qemu= -- 
PASS  vlseg8e32.v    0x0d0070d7+0x80020137+0xe2016407  gen=ok sail= ok  spike= ok  qemu= -- 
PASS  vlseg8e32ff.v  0x0d0070d7+0x80020137+0xe3016407  gen=ok sail= ok  spike= ok  qemu= -- 
PASS  vlseg8e64.v    0x0d8070d7+0x80020137+0xe2017407  gen=ok sail= ok  spike= ok  qemu= -- 
PASS  vlseg8e64ff.v  0x0d8070d7+0x80020137+0xe3017407  gen=ok sail= ok  spike= ok  qemu= -- 
PASS  vlseg8e8.v     0x0c0070d7+0x80020137+0xe2010407  gen=ok sail= ok  spike= ok  qemu= -- 
PASS  vlseg8e8ff.v   0x0c0070d7+0x80020137+0xe3010407  gen=ok sail= ok  spike= ok  qemu= -- 
PASS  vlsseg2e16.v   0x0c8070d7+0x80020137+0x00800193+0x2a315407  gen=ok sail= ok  spike= ok  qemu= -- 
PASS  vlsseg2e32.v   0x0d0070d7+0x80020137+0x00800193+0x2a316407  gen=ok sail= ok  spike= ok  qemu= -- 
PASS  vlsseg2e64.v   0x0d8070d7+0x80020137+0x00800193+0x2a317407  gen=ok sail= ok  spike= ok  qemu= -- 
PASS  vlsseg2e8.v    0x0c0070d7+0x80020137+0x00800193+0x2a310407  gen=ok sail= ok  spike= ok  qemu= -- 
FAIL  vlsseg3e16.v   0x0c8070d7+0x80020137+0x00800193+0x4a315407  gen=ok sail=FAIL spike=FAIL qemu= --    <- sail: FAILURE: 1 (0x00000001); spike: *** FAILED *** (tohost = 1)
PASS  vlsseg3e32.v   0x0d0070d7+0x80020137+0x00800193+0x4a316407  gen=ok sail= ok  spike= ok  qemu= -- 
PASS  vlsseg3e64.v   0x0d8070d7+0x80020137+0x00800193+0x4a317407  gen=ok sail= ok  spike= ok  qemu= -- 
PASS  vlsseg3e8.v    0x0c0070d7+0x80020137+0x00800193+0x4a310407  gen=ok sail= ok  spike= ok  qemu= -- 
PASS  vlsseg4e16.v   0x0c8070d7+0x80020137+0x00800193+0x6a315407  gen=ok sail= ok  spike= ok  qemu= -- 
PASS  vlsseg4e32.v   0x0d0070d7+0x80020137+0x00800193+0x6a316407  gen=ok sail= ok  spike= ok  qemu= -- 
PASS  vlsseg4e64.v   0x0d8070d7+0x80020137+0x00800193+0x6a317407  gen=ok sail= ok  spike= ok  qemu= -- 
PASS  vlsseg4e8.v    0x0c0070d7+0x80020137+0x00800193+0x6a310407  gen=ok sail= ok  spike= ok  qemu= -- 
PASS  vlsseg5e16.v   0x0c8070d7+0x80020137+0x00800193+0x8a315407  gen=ok sail= ok  spike= ok  qemu= -- 
PASS  vlsseg5e32.v   0x0d0070d7+0x80020137+0x00800193+0x8a316407  gen=ok sail= ok  spike= ok  qemu= -- 
PASS  vlsseg5e64.v   0x0d8070d7+0x80020137+0x00800193+0x8a317407  gen=ok sail= ok  spike= ok  qemu= -- 
PASS  vlsseg5e8.v    0x0c0070d7+0x80020137+0x00800193+0x8a310407  gen=ok sail= ok  spike= ok  qemu= -- 
PASS  vlsseg6e16.v   0x0c8070d7+0x80020137+0x00800193+0xaa315407  gen=ok sail= ok  spike= ok  qemu= -- 
PASS  vlsseg6e32.v   0x0d0070d7+0x80020137+0x00800193+0xaa316407  gen=ok sail= ok  spike= ok  qemu= -- 
PASS  vlsseg6e64.v   0x0d8070d7+0x80020137+0x00800193+0xaa317407  gen=ok sail= ok  spike= ok  qemu= -- 
PASS  vlsseg6e8.v    0x0c0070d7+0x80020137+0x00800193+0xaa310407  gen=ok sail= ok  spike= ok  qemu= -- 
PASS  vlsseg7e16.v   0x0c8070d7+0x80020137+0x00800193+0xca315407  gen=ok sail= ok  spike= ok  qemu= -- 
PASS  vlsseg7e32.v   0x0d0070d7+0x80020137+0x00800193+0xca316407  gen=ok sail= ok  spike= ok  qemu= -- 
PASS  vlsseg7e64.v   0x0d8070d7+0x80020137+0x00800193+0xca317407  gen=ok sail= ok  spike= ok  qemu= -- 
PASS  vlsseg7e8.v    0x0c0070d7+0x80020137+0x00800193+0xca310407  gen=ok sail= ok  spike= ok  qemu= -- 
PASS  vlsseg8e16.v   0x0c8070d7+0x80020137+0x00800193+0xea315407  gen=ok sail= ok  spike= ok  qemu= -- 
PASS  vlsseg8e32.v   0x0d0070d7+0x80020137+0x00800193+0xea316407  gen=ok sail= ok  spike= ok  qemu= -- 
PASS  vlsseg8e64.v   0x0d8070d7+0x80020137+0x00800193+0xea317407  gen=ok sail= ok  spike= ok  qemu= -- 
PASS  vlsseg8e8.v    0x0c0070d7+0x80020137+0x00800193+0xea310407  gen=ok sail= ok  spike= ok  qemu= -- 
PASS  vluxei16.v     0x0d0070d7+0x80020137+0x07015407  gen=ok sail= ok  spike= ok  qemu= -- 
PASS  vluxei32.v     0x0d0070d7+0x80020137+0x07016407  gen=ok sail= ok  spike= ok  qemu= -- 
FAIL  vluxei64.v     0x0d0070d7+0x80020137+0x07017407  gen=ok sail= ok  spike=FAIL qemu= --    <- spike: *** FAILED *** (tohost = 1)
PASS  vluxei8.v      0x0d0070d7+0x80020137+0x07010407  gen=ok sail= ok  spike= ok  qemu= -- 
PASS  vluxseg2ei16.v 0x0d0070d7+0x80020137+0x27015407  gen=ok sail= ok  spike= ok  qemu= -- 
PASS  vluxseg2ei32.v 0x0d0070d7+0x80020137+0x27016407  gen=ok sail= ok  spike= ok  qemu= -- 
FAIL  vluxseg2ei64.v 0x0d0070d7+0x80020137+0x27017407  gen=ok sail= ok  spike=FAIL qemu= --    <- spike: *** FAILED *** (tohost = 1)
PASS  vluxseg2ei8.v  0x0d0070d7+0x80020137+0x27010407  gen=ok sail= ok  spike= ok  qemu= -- 
PASS  vluxseg3ei16.v 0x0d0070d7+0x80020137+0x47015407  gen=ok sail= ok  spike= ok  qemu= -- 
PASS  vluxseg3ei32.v 0x0d0070d7+0x80020137+0x47016407  gen=ok sail= ok  spike= ok  qemu= -- 
FAIL  vluxseg3ei64.v 0x0d0070d7+0x80020137+0x47017407  gen=ok sail= ok  spike=FAIL qemu= --    <- spike: *** FAILED *** (tohost = 1)
PASS  vluxseg3ei8.v  0x0d0070d7+0x80020137+0x47010407  gen=ok sail= ok  spike= ok  qemu= -- 
PASS  vluxseg4ei16.v 0x0d0070d7+0x80020137+0x67015407  gen=ok sail= ok  spike= ok  qemu= -- 
PASS  vluxseg4ei32.v 0x0d0070d7+0x80020137+0x67016407  gen=ok sail= ok  spike= ok  qemu= -- 
FAIL  vluxseg4ei64.v 0x0d0070d7+0x80020137+0x67017407  gen=ok sail= ok  spike=FAIL qemu= --    <- spike: *** FAILED *** (tohost = 1)
PASS  vluxseg4ei8.v  0x0d0070d7+0x80020137+0x67010407  gen=ok sail= ok  spike= ok  qemu= -- 
PASS  vluxseg5ei16.v 0x0d0070d7+0x80020137+0x87015407  gen=ok sail= ok  spike= ok  qemu= -- 
PASS  vluxseg5ei32.v 0x0d0070d7+0x80020137+0x87016407  gen=ok sail= ok  spike= ok  qemu= -- 
FAIL  vluxseg5ei64.v 0x0d0070d7+0x80020137+0x87017407  gen=ok sail= ok  spike=FAIL qemu= --    <- spike: *** FAILED *** (tohost = 1)
PASS  vluxseg5ei8.v  0x0d0070d7+0x80020137+0x87010407  gen=ok sail= ok  spike= ok  qemu= -- 
PASS  vluxseg6ei16.v 0x0d0070d7+0x80020137+0xa7015407  gen=ok sail= ok  spike= ok  qemu= -- 
PASS  vluxseg6ei32.v 0x0d0070d7+0x80020137+0xa7016407  gen=ok sail= ok  spike= ok  qemu= -- 
FAIL  vluxseg6ei64.v 0x0d0070d7+0x80020137+0xa7017407  gen=ok sail= ok  spike=FAIL qemu= --    <- spike: *** FAILED *** (tohost = 1)
PASS  vluxseg6ei8.v  0x0d0070d7+0x80020137+0xa7010407  gen=ok sail= ok  spike= ok  qemu= -- 
PASS  vluxseg7ei16.v 0x0d0070d7+0x80020137+0xc7015407  gen=ok sail= ok  spike= ok  qemu= -- 
PASS  vluxseg7ei32.v 0x0d0070d7+0x80020137+0xc7016407  gen=ok sail= ok  spike= ok  qemu= -- 
FAIL  vluxseg7ei64.v 0x0d0070d7+0x80020137+0xc7017407  gen=ok sail= ok  spike=FAIL qemu= --    <- spike: *** FAILED *** (tohost = 1)
PASS  vluxseg7ei8.v  0x0d0070d7+0x80020137+0xc7010407  gen=ok sail= ok  spike= ok  qemu= -- 
PASS  vluxseg8ei16.v 0x0d0070d7+0x80020137+0xe7015407  gen=ok sail= ok  spike= ok  qemu= -- 
PASS  vluxseg8ei32.v 0x0d0070d7+0x80020137+0xe7016407  gen=ok sail= ok  spike= ok  qemu= -- 
FAIL  vluxseg8ei64.v 0x0d0070d7+0x80020137+0xe7017407  gen=ok sail= ok  spike=FAIL qemu= --    <- spike: *** FAILED *** (tohost = 1)
PASS  vluxseg8ei8.v  0x0d0070d7+0x80020137+0xe7010407  gen=ok sail= ok  spike= ok  qemu= -- 
PASS  vmacc.vv       0x0d0070d7+0xb7882457   gen=ok sail= ok  spike= ok  qemu= -- 
PASS  vmacc.vx       0x0d0070d7+0xb7016457   gen=ok sail= ok  spike= ok  qemu= -- 
PASS  vmadc.vi       0x0d0070d7+0x47023457   gen=ok sail= ok  spike= ok  qemu= -- 
PASS  vmadc.vim      0x0d0070d7+0x45023457   gen=ok sail= ok  spike= ok  qemu= -- 
PASS  vmadc.vv       0x0d0070d7+0x470c0457   gen=ok sail= ok  spike= ok  qemu= -- 
PASS  vmadc.vvm      0x0d0070d7+0x450c0457   gen=ok sail= ok  spike= ok  qemu= -- 
PASS  vmadc.vx       0x0d0070d7+0x47014457   gen=ok sail= ok  spike= ok  qemu= -- 
PASS  vmadc.vxm      0x0d0070d7+0x45014457   gen=ok sail= ok  spike= ok  qemu= -- 
PASS  vmadd.vv       0x0d0070d7+0xa7882457   gen=ok sail= ok  spike= ok  qemu= -- 
PASS  vmadd.vx       0x0d0070d7+0xa7016457   gen=ok sail= ok  spike= ok  qemu= -- 
PASS  vmand.mm       0x0d0070d7+0x670c2457   gen=ok sail= ok  spike= ok  qemu= -- 
PASS  vmandn.mm      0x0d0070d7+0x630c2457   gen=ok sail= ok  spike= ok  qemu= -- 
PASS  vmax.vv        0x0d0070d7+0x1f0c0457   gen=ok sail= ok  spike= ok  qemu= -- 
PASS  vmax.vx        0x0d0070d7+0x1f014457   gen=ok sail= ok  spike= ok  qemu= -- 
PASS  vmaxu.vv       0x0d0070d7+0x1b0c0457   gen=ok sail= ok  spike= ok  qemu= -- 
PASS  vmaxu.vx       0x0d0070d7+0x1b014457   gen=ok sail= ok  spike= ok  qemu= -- 
PASS  vmerge.vim     0x0d0070d7+0x5d023457   gen=ok sail= ok  spike= ok  qemu= -- 
PASS  vmerge.vvm     0x0d0070d7+0x5d0c0457   gen=ok sail= ok  spike= ok  qemu= -- 
PASS  vmerge.vxm     0x0d0070d7+0x5d014457   gen=ok sail= ok  spike= ok  qemu= -- 
PASS  vmfeq.vf       0x0d0070d7+0x6300d457   gen=ok sail= ok  spike= ok  qemu= -- 
PASS  vmfeq.vv       0x0d0070d7+0x630c1457   gen=ok sail= ok  spike= ok  qemu= -- 
PASS  vmfge.vf       0x0d0070d7+0x7f00d457   gen=ok sail= ok  spike= ok  qemu= -- 
PASS  vmfgt.vf       0x0d0070d7+0x7700d457   gen=ok sail= ok  spike= ok  qemu= -- 
PASS  vmfle.vf       0x0d0070d7+0x6700d457   gen=ok sail= ok  spike= ok  qemu= -- 
PASS  vmfle.vv       0x0d0070d7+0x670c1457   gen=ok sail= ok  spike= ok  qemu= -- 
PASS  vmflt.vf       0x0d0070d7+0x6f00d457   gen=ok sail= ok  spike= ok  qemu= -- 
PASS  vmflt.vv       0x0d0070d7+0x6f0c1457   gen=ok sail= ok  spike= ok  qemu= -- 
PASS  vmfne.vf       0x0d0070d7+0x7300d457   gen=ok sail= ok  spike= ok  qemu= -- 
PASS  vmfne.vv       0x0d0070d7+0x730c1457   gen=ok sail= ok  spike= ok  qemu= -- 
FAIL  vmin.vv        0x0d0070d7+0x170c0457   gen=ok sail=FAIL spike=FAIL qemu= --    <- sail: FAILURE: 1 (0x00000001); spike: *** FAILED *** (tohost = 1)
PASS  vmin.vx        0x0d0070d7+0x17014457   gen=ok sail= ok  spike= ok  qemu= -- 
PASS  vminu.vv       0x0d0070d7+0x130c0457   gen=ok sail= ok  spike= ok  qemu= -- 
PASS  vminu.vx       0x0d0070d7+0x13014457   gen=ok sail= ok  spike= ok  qemu= -- 
PASS  vmnand.mm      0x0d0070d7+0x770c2457   gen=ok sail= ok  spike= ok  qemu= -- 
PASS  vmnor.mm       0x0d0070d7+0x7b0c2457   gen=ok sail= ok  spike= ok  qemu= -- 
FAIL  vmor.mm        0x0d0070d7+0x6b0c2457   gen=ok sail=FAIL spike=FAIL qemu= --    <- sail: FAILURE: 1 (0x00000001); spike: *** FAILED *** (tohost = 1)
PASS  vmorn.mm       0x0d0070d7+0x730c2457   gen=ok sail= ok  spike= ok  qemu= -- 
PASS  vmsbc.vv       0x0d0070d7+0x4f0c0457   gen=ok sail= ok  spike= ok  qemu= -- 
PASS  vmsbc.vvm      0x0d0070d7+0x4d0c0457   gen=ok sail= ok  spike= ok  qemu= -- 
PASS  vmsbc.vx       0x0d0070d7+0x4f014457   gen=ok sail= ok  spike= ok  qemu= -- 
PASS  vmsbc.vxm      0x0d0070d7+0x4d014457   gen=ok sail= ok  spike= ok  qemu= -- 
PASS  vmsbf.m        0x0d0070d7+0x5300a457   gen=ok sail= ok  spike= ok  qemu= -- 
PASS  vmseq.vi       0x0d0070d7+0x63023457   gen=ok sail= ok  spike= ok  qemu= -- 
PASS  vmseq.vv       0x0d0070d7+0x630c0457   gen=ok sail= ok  spike= ok  qemu= -- 
PASS  vmseq.vx       0x0d0070d7+0x63014457   gen=ok sail= ok  spike= ok  qemu= -- 
PASS  vmsgt.vi       0x0d0070d7+0x7f023457   gen=ok sail= ok  spike= ok  qemu= -- 
PASS  vmsgt.vx       0x0d0070d7+0x7f014457   gen=ok sail= ok  spike= ok  qemu= -- 
PASS  vmsgtu.vi      0x0d0070d7+0x7b023457   gen=ok sail= ok  spike= ok  qemu= -- 
PASS  vmsgtu.vx      0x0d0070d7+0x7b014457   gen=ok sail= ok  spike= ok  qemu= -- 
PASS  vmsif.m        0x0d0070d7+0x5301a457   gen=ok sail= ok  spike= ok  qemu= -- 
PASS  vmsle.vi       0x0d0070d7+0x77023457   gen=ok sail= ok  spike= ok  qemu= -- 
PASS  vmsle.vv       0x0d0070d7+0x770c0457   gen=ok sail= ok  spike= ok  qemu= -- 
PASS  vmsle.vx       0x0d0070d7+0x77014457   gen=ok sail= ok  spike= ok  qemu= -- 
PASS  vmsleu.vi      0x0d0070d7+0x73023457   gen=ok sail= ok  spike= ok  qemu= -- 
PASS  vmsleu.vv      0x0d0070d7+0x730c0457   gen=ok sail= ok  spike= ok  qemu= -- 
PASS  vmsleu.vx      0x0d0070d7+0x73014457   gen=ok sail= ok  spike= ok  qemu= -- 
PASS  vmslt.vv       0x0d0070d7+0x6f0c0457   gen=ok sail= ok  spike= ok  qemu= -- 
PASS  vmslt.vx       0x0d0070d7+0x6f014457   gen=ok sail= ok  spike= ok  qemu= -- 
PASS  vmsltu.vv      0x0d0070d7+0x6b0c0457   gen=ok sail= ok  spike= ok  qemu= -- 
PASS  vmsltu.vx      0x0d0070d7+0x6b014457   gen=ok sail= ok  spike= ok  qemu= -- 
PASS  vmsne.vi       0x0d0070d7+0x67023457   gen=ok sail= ok  spike= ok  qemu= -- 
PASS  vmsne.vv       0x0d0070d7+0x670c0457   gen=ok sail= ok  spike= ok  qemu= -- 
PASS  vmsne.vx       0x0d0070d7+0x67014457   gen=ok sail= ok  spike= ok  qemu= -- 
PASS  vmsof.m        0x0d0070d7+0x53012457   gen=ok sail= ok  spike= ok  qemu= -- 
PASS  vmul.vv        0x0d0070d7+0x970c2457   gen=ok sail= ok  spike= ok  qemu= -- 
PASS  vmul.vx        0x0d0070d7+0x97016457   gen=ok sail= ok  spike= ok  qemu= -- 
PASS  vmulh.vv       0x0d0070d7+0x9f0c2457   gen=ok sail= ok  spike= ok  qemu= -- 
PASS  vmulh.vx       0x0d0070d7+0x9f016457   gen=ok sail= ok  spike= ok  qemu= -- 
PASS  vmulhsu.vv     0x0d0070d7+0x9b0c2457   gen=ok sail= ok  spike= ok  qemu= -- 
PASS  vmulhsu.vx     0x0d0070d7+0x9b016457   gen=ok sail= ok  spike= ok  qemu= -- 
PASS  vmulhu.vv      0x0d0070d7+0x930c2457   gen=ok sail= ok  spike= ok  qemu= -- 
PASS  vmulhu.vx      0x0d0070d7+0x93016457   gen=ok sail= ok  spike= ok  qemu= -- 
PASS  vmv.s.x        0x0d0070d7+0x42016457   gen=ok sail= ok  spike= ok  qemu= -- 
PASS  vmv.v.i        0x0d0070d7+0x5e023457   gen=ok sail= ok  spike= ok  qemu= -- 
PASS  vmv.v.v        0x0d0070d7+0x5e080457   gen=ok sail= ok  spike= ok  qemu= -- 
PASS  vmv.v.x        0x0d0070d7+0x5e014457   gen=ok sail= ok  spike= ok  qemu= -- 
PASS  vmv.x.s        0x0d0070d7+0x42802157   gen=ok sail= ok  spike= ok  qemu= -- 
PASS  vmv1r.v        0x0d0070d7+0x9f003457   gen=ok sail= ok  spike= ok  qemu= -- 
PASS  vmv2r.v        0x0d0070d7+0x9f00b457   gen=ok sail= ok  spike= ok  qemu= -- 
PASS  vmv4r.v        0x0d0070d7+0x9f01b457   gen=ok sail= ok  spike= ok  qemu= -- 
FAIL  vmv8r.v        0x0d0070d7+0x9f03b457   gen=ok sail=FAIL spike=FAIL qemu= --    <- sail: FAILURE: 1 (0x00000001); spike: *** FAILED *** (tohost = 1)
PASS  vmxnor.mm      0x0d0070d7+0x7f0c2457   gen=ok sail= ok  spike= ok  qemu= -- 
PASS  vmxor.mm       0x0d0070d7+0x6f0c2457   gen=ok sail= ok  spike= ok  qemu= -- 
PASS  vnclip.wi      0x0d0070d7+0xbf023457   gen=ok sail= ok  spike= ok  qemu= -- 
PASS  vnclip.wv      0x0d0070d7+0xbf0c0457   gen=ok sail= ok  spike= ok  qemu= -- 
PASS  vnclip.wx      0x0d0070d7+0xbf014457   gen=ok sail= ok  spike= ok  qemu= -- 
PASS  vnclipu.wi     0x0d0070d7+0xbb023457   gen=ok sail= ok  spike= ok  qemu= -- 
PASS  vnclipu.wv     0x0d0070d7+0xbb0c0457   gen=ok sail= ok  spike= ok  qemu= -- 
PASS  vnclipu.wx     0x0d0070d7+0xbb014457   gen=ok sail= ok  spike= ok  qemu= -- 
PASS  vnmsac.vv      0x0d0070d7+0xbf882457   gen=ok sail= ok  spike= ok  qemu= -- 
PASS  vnmsac.vx      0x0d0070d7+0xbf016457   gen=ok sail= ok  spike= ok  qemu= -- 
PASS  vnmsub.vv      0x0d0070d7+0xaf882457   gen=ok sail= ok  spike= ok  qemu= -- 
PASS  vnmsub.vx      0x0d0070d7+0xaf016457   gen=ok sail= ok  spike= ok  qemu= -- 
PASS  vnsra.wi       0x0d0070d7+0xb7023457   gen=ok sail= ok  spike= ok  qemu= -- 
PASS  vnsra.wv       0x0d0070d7+0xb70c0457   gen=ok sail= ok  spike= ok  qemu= -- 
PASS  vnsra.wx       0x0d0070d7+0xb7014457   gen=ok sail= ok  spike= ok  qemu= -- 
PASS  vnsrl.wi       0x0d0070d7+0xb3023457   gen=ok sail= ok  spike= ok  qemu= -- 
PASS  vnsrl.wv       0x0d0070d7+0xb30c0457   gen=ok sail= ok  spike= ok  qemu= -- 
PASS  vnsrl.wx       0x0d0070d7+0xb3014457   gen=ok sail= ok  spike= ok  qemu= -- 
PASS  vor.vi         0x0d0070d7+0x2b023457   gen=ok sail= ok  spike= ok  qemu= -- 
PASS  vor.vv         0x0d0070d7+0x2b0c0457   gen=ok sail= ok  spike= ok  qemu= -- 
PASS  vor.vx         0x0d0070d7+0x2b014457   gen=ok sail= ok  spike= ok  qemu= -- 
PASS  vredand.vs     0x0d0070d7+0x070c2457   gen=ok sail= ok  spike= ok  qemu= -- 
PASS  vredmax.vs     0x0d0070d7+0x1f0c2457   gen=ok sail= ok  spike= ok  qemu= -- 
PASS  vredmaxu.vs    0x0d0070d7+0x1b0c2457   gen=ok sail= ok  spike= ok  qemu= -- 
PASS  vredmin.vs     0x0d0070d7+0x170c2457   gen=ok sail= ok  spike= ok  qemu= -- 
PASS  vredminu.vs    0x0d0070d7+0x130c2457   gen=ok sail= ok  spike= ok  qemu= -- 
PASS  vredor.vs      0x0d0070d7+0x0b0c2457   gen=ok sail= ok  spike= ok  qemu= -- 
FAIL  vredsum.vs     0x0d0070d7+0x030c2457   gen=ok sail=FAIL spike=FAIL qemu= --    <- sail: FAILURE: 1 (0x00000001); spike: *** FAILED *** (tohost = 1)
PASS  vredxor.vs     0x0d0070d7+0x0f0c2457   gen=ok sail= ok  spike= ok  qemu= -- 
PASS  vrem.vv        0x0d0070d7+0x8f0c2457   gen=ok sail= ok  spike= ok  qemu= -- 
PASS  vrem.vx        0x0d0070d7+0x8f016457   gen=ok sail= ok  spike= ok  qemu= -- 
PASS  vremu.vv       0x0d0070d7+0x8b0c2457   gen=ok sail= ok  spike= ok  qemu= -- 
PASS  vremu.vx       0x0d0070d7+0x8b016457   gen=ok sail= ok  spike= ok  qemu= -- 
PASS  vrgather.vi    0x0d0070d7+0x33023457   gen=ok sail= ok  spike= ok  qemu= -- 
PASS  vrgather.vv    0x0d0070d7+0x330c0457   gen=ok sail= ok  spike= ok  qemu= -- 
PASS  vrgather.vx    0x0d0070d7+0x33014457   gen=ok sail= ok  spike= ok  qemu= -- 
PASS  vrgatherei16.vv 0x0d0070d7+0x3b0c0457   gen=ok sail= ok  spike= ok  qemu= -- 
PASS  vrsub.vi       0x0d0070d7+0x0f023457   gen=ok sail= ok  spike= ok  qemu= -- 
PASS  vrsub.vx       0x0d0070d7+0x0f014457   gen=ok sail= ok  spike= ok  qemu= -- 
PASS  vs1r.v         0x0d0070d7+0x80020137+0x02810427  gen=ok sail= ok  spike= ok  qemu= -- 
PASS  vs2r.v         0x0d0070d7+0x80020137+0x22810427  gen=ok sail= ok  spike= ok  qemu= -- 
PASS  vs4r.v         0x0d0070d7+0x80020137+0x62810427  gen=ok sail= ok  spike= ok  qemu= -- 
PASS  vs8r.v         0x0d0070d7+0x80020137+0xe2810427  gen=ok sail= ok  spike= ok  qemu= -- 
PASS  vsadd.vi       0x0d0070d7+0x87023457   gen=ok sail= ok  spike= ok  qemu= -- 
PASS  vsadd.vv       0x0d0070d7+0x870c0457   gen=ok sail= ok  spike= ok  qemu= -- 
PASS  vsadd.vx       0x0d0070d7+0x87014457   gen=ok sail= ok  spike= ok  qemu= -- 
PASS  vsaddu.vi      0x0d0070d7+0x83023457   gen=ok sail= ok  spike= ok  qemu= -- 
PASS  vsaddu.vv      0x0d0070d7+0x830c0457   gen=ok sail= ok  spike= ok  qemu= -- 
PASS  vsaddu.vx      0x0d0070d7+0x83014457   gen=ok sail= ok  spike= ok  qemu= -- 
PASS  vsbc.vvm       0x0d0070d7+0x490c0457   gen=ok sail= ok  spike= ok  qemu= -- 
PASS  vsbc.vxm       0x0d0070d7+0x49014457   gen=ok sail= ok  spike= ok  qemu= -- 
PASS  vse16.v        0x0c8070d7+0x80020137+0x02015427  gen=ok sail= ok  spike= ok  qemu= -- 
PASS  vse32.v        0x0d0070d7+0x80020137+0x02016427  gen=ok sail= ok  spike= ok  qemu= -- 
PASS  vse64.v        0x0d8070d7+0x80020137+0x02017427  gen=ok sail= ok  spike= ok  qemu= -- 
PASS  vse8.v         0x0c0070d7+0x80020137+0x02010427  gen=ok sail= ok  spike= ok  qemu= -- 
PASS  vsetivli       0xcc0270d7              gen=ok sail= ok  spike= ok  qemu= -- 
PASS  vsetvl         0x803170d7              gen=ok sail= ok  spike= ok  qemu= -- 
PASS  vsetvli        0x0c0170d7              gen=ok sail= ok  spike= ok  qemu= -- 
PASS  vsext.vf2      0x0d0070d7+0x4b03a457   gen=ok sail= ok  spike= ok  qemu= -- 
PASS  vsext.vf4      0x0d0070d7+0x4b02a457   gen=ok sail= ok  spike= ok  qemu= -- 
PASS  vsext.vf8      0x0d8070d7+0x4b01a457   gen=ok sail= ok  spike= ok  qemu= -- 
PASS  vslide1down.vx 0x0d0070d7+0x3f016457   gen=ok sail= ok  spike= ok  qemu= -- 
PASS  vslide1up.vx   0x0d0070d7+0x3b016457   gen=ok sail= ok  spike= ok  qemu= -- 
PASS  vslidedown.vi  0x0d0070d7+0x3f023457   gen=ok sail= ok  spike= ok  qemu= -- 
FAIL  vslidedown.vx  0x0d0070d7+0x3f014457   gen=ok sail=FAIL spike=FAIL qemu= --    <- sail: FAILURE: 1 (0x00000001); spike: *** FAILED *** (tohost = 1)
PASS  vslideup.vi    0x0d0070d7+0x3b023457   gen=ok sail= ok  spike= ok  qemu= -- 
PASS  vslideup.vx    0x0d0070d7+0x3b014457   gen=ok sail= ok  spike= ok  qemu= -- 
PASS  vsll.vi        0x0d0070d7+0x97023457   gen=ok sail= ok  spike= ok  qemu= -- 
PASS  vsll.vv        0x0d0070d7+0x970c0457   gen=ok sail= ok  spike= ok  qemu= -- 
PASS  vsll.vx        0x0d0070d7+0x97014457   gen=ok sail= ok  spike= ok  qemu= -- 
PASS  vsm.v          0x0d0070d7+0x80020137+0x02b10427  gen=ok sail= ok  spike= ok  qemu= -- 
PASS  vsmul.vv       0x0d0070d7+0x9f0c0457   gen=ok sail= ok  spike= ok  qemu= -- 
PASS  vsmul.vx       0x0d0070d7+0x9f014457   gen=ok sail= ok  spike= ok  qemu= -- 
PASS  vsoxei16.v     0x0d0070d7+0x80020137+0x0f015427  gen=ok sail= ok  spike= ok  qemu= -- 
PASS  vsoxei32.v     0x0d0070d7+0x80020137+0x0f016427  gen=ok sail= ok  spike= ok  qemu= -- 
FAIL  vsoxei64.v     0x0d0070d7+0x80020137+0x0f017427  gen=ok sail= ok  spike=FAIL qemu= --    <- spike: *** FAILED *** (tohost = 1)
PASS  vsoxei8.v      0x0d0070d7+0x80020137+0x0f010427  gen=ok sail= ok  spike= ok  qemu= -- 
PASS  vsoxseg2ei16.v 0x0d0070d7+0x80020137+0x2f015427  gen=ok sail= ok  spike= ok  qemu= -- 
PASS  vsoxseg2ei32.v 0x0d0070d7+0x80020137+0x2f016427  gen=ok sail= ok  spike= ok  qemu= -- 
FAIL  vsoxseg2ei64.v 0x0d0070d7+0x80020137+0x2f017427  gen=ok sail= ok  spike=FAIL qemu= --    <- spike: *** FAILED *** (tohost = 1)
PASS  vsoxseg2ei8.v  0x0d0070d7+0x80020137+0x2f010427  gen=ok sail= ok  spike= ok  qemu= -- 
PASS  vsoxseg3ei16.v 0x0d0070d7+0x80020137+0x4f015427  gen=ok sail= ok  spike= ok  qemu= -- 
PASS  vsoxseg3ei32.v 0x0d0070d7+0x80020137+0x4f016427  gen=ok sail= ok  spike= ok  qemu= -- 
FAIL  vsoxseg3ei64.v 0x0d0070d7+0x80020137+0x4f017427  gen=ok sail= ok  spike=FAIL qemu= --    <- spike: *** FAILED *** (tohost = 1)
PASS  vsoxseg3ei8.v  0x0d0070d7+0x80020137+0x4f010427  gen=ok sail= ok  spike= ok  qemu= -- 
PASS  vsoxseg4ei16.v 0x0d0070d7+0x80020137+0x6f015427  gen=ok sail= ok  spike= ok  qemu= -- 
PASS  vsoxseg4ei32.v 0x0d0070d7+0x80020137+0x6f016427  gen=ok sail= ok  spike= ok  qemu= -- 
FAIL  vsoxseg4ei64.v 0x0d0070d7+0x80020137+0x6f017427  gen=ok sail= ok  spike=FAIL qemu= --    <- spike: *** FAILED *** (tohost = 1)
PASS  vsoxseg4ei8.v  0x0d0070d7+0x80020137+0x6f010427  gen=ok sail= ok  spike= ok  qemu= -- 
PASS  vsoxseg5ei16.v 0x0d0070d7+0x80020137+0x8f015427  gen=ok sail= ok  spike= ok  qemu= -- 
PASS  vsoxseg5ei32.v 0x0d0070d7+0x80020137+0x8f016427  gen=ok sail= ok  spike= ok  qemu= -- 
FAIL  vsoxseg5ei64.v 0x0d0070d7+0x80020137+0x8f017427  gen=ok sail= ok  spike=FAIL qemu= --    <- spike: *** FAILED *** (tohost = 1)
PASS  vsoxseg5ei8.v  0x0d0070d7+0x80020137+0x8f010427  gen=ok sail= ok  spike= ok  qemu= -- 
PASS  vsoxseg6ei16.v 0x0d0070d7+0x80020137+0xaf015427  gen=ok sail= ok  spike= ok  qemu= -- 
PASS  vsoxseg6ei32.v 0x0d0070d7+0x80020137+0xaf016427  gen=ok sail= ok  spike= ok  qemu= -- 
FAIL  vsoxseg6ei64.v 0x0d0070d7+0x80020137+0xaf017427  gen=ok sail= ok  spike=FAIL qemu= --    <- spike: *** FAILED *** (tohost = 1)
PASS  vsoxseg6ei8.v  0x0d0070d7+0x80020137+0xaf010427  gen=ok sail= ok  spike= ok  qemu= -- 
PASS  vsoxseg7ei16.v 0x0d0070d7+0x80020137+0xcf015427  gen=ok sail= ok  spike= ok  qemu= -- 
PASS  vsoxseg7ei32.v 0x0d0070d7+0x80020137+0xcf016427  gen=ok sail= ok  spike= ok  qemu= -- 
FAIL  vsoxseg7ei64.v 0x0d0070d7+0x80020137+0xcf017427  gen=ok sail=FAIL spike=FAIL qemu= --    <- sail: FAILURE: 1 (0x00000001); spike: *** FAILED *** (tohost = 1)
PASS  vsoxseg7ei8.v  0x0d0070d7+0x80020137+0xcf010427  gen=ok sail= ok  spike= ok  qemu= -- 
PASS  vsoxseg8ei16.v 0x0d0070d7+0x80020137+0xef015427  gen=ok sail= ok  spike= ok  qemu= -- 
FAIL  vsoxseg8ei32.v 0x0d0070d7+0x80020137+0xef016427  gen=ok sail=FAIL spike=FAIL qemu= --    <- sail: FAILURE: 1 (0x00000001); spike: *** FAILED *** (tohost = 1)
FAIL  vsoxseg8ei64.v 0x0d0070d7+0x80020137+0xef017427  gen=ok sail= ok  spike=FAIL qemu= --    <- spike: *** FAILED *** (tohost = 1)
PASS  vsoxseg8ei8.v  0x0d0070d7+0x80020137+0xef010427  gen=ok sail= ok  spike= ok  qemu= -- 
PASS  vsra.vi        0x0d0070d7+0xa7023457   gen=ok sail= ok  spike= ok  qemu= -- 
PASS  vsra.vv        0x0d0070d7+0xa70c0457   gen=ok sail= ok  spike= ok  qemu= -- 
PASS  vsra.vx        0x0d0070d7+0xa7014457   gen=ok sail= ok  spike= ok  qemu= -- 
PASS  vsrl.vi        0x0d0070d7+0xa3023457   gen=ok sail= ok  spike= ok  qemu= -- 
PASS  vsrl.vv        0x0d0070d7+0xa30c0457   gen=ok sail= ok  spike= ok  qemu= -- 
PASS  vsrl.vx        0x0d0070d7+0xa3014457   gen=ok sail= ok  spike= ok  qemu= -- 
PASS  vsse16.v       0x0c8070d7+0x80020137+0x00800193+0x0a315427  gen=ok sail= ok  spike= ok  qemu= -- 
PASS  vsse32.v       0x0d0070d7+0x80020137+0x00800193+0x0a316427  gen=ok sail= ok  spike= ok  qemu= -- 
PASS  vsse64.v       0x0d8070d7+0x80020137+0x00800193+0x0a317427  gen=ok sail= ok  spike= ok  qemu= -- 
PASS  vsse8.v        0x0c0070d7+0x80020137+0x00800193+0x0a310427  gen=ok sail= ok  spike= ok  qemu= -- 
PASS  vsseg2e16.v    0x0c8070d7+0x80020137+0x22015427  gen=ok sail= ok  spike= ok  qemu= -- 
PASS  vsseg2e32.v    0x0d0070d7+0x80020137+0x22016427  gen=ok sail= ok  spike= ok  qemu= -- 
PASS  vsseg2e64.v    0x0d8070d7+0x80020137+0x22017427  gen=ok sail= ok  spike= ok  qemu= -- 
PASS  vsseg2e8.v     0x0c0070d7+0x80020137+0x22010427  gen=ok sail= ok  spike= ok  qemu= -- 
PASS  vsseg3e16.v    0x0c8070d7+0x80020137+0x42015427  gen=ok sail= ok  spike= ok  qemu= -- 
PASS  vsseg3e32.v    0x0d0070d7+0x80020137+0x42016427  gen=ok sail= ok  spike= ok  qemu= -- 
PASS  vsseg3e64.v    0x0d8070d7+0x80020137+0x42017427  gen=ok sail= ok  spike= ok  qemu= -- 
PASS  vsseg3e8.v     0x0c0070d7+0x80020137+0x42010427  gen=ok sail= ok  spike= ok  qemu= -- 
PASS  vsseg4e16.v    0x0c8070d7+0x80020137+0x62015427  gen=ok sail= ok  spike= ok  qemu= -- 
PASS  vsseg4e32.v    0x0d0070d7+0x80020137+0x62016427  gen=ok sail= ok  spike= ok  qemu= -- 
PASS  vsseg4e64.v    0x0d8070d7+0x80020137+0x62017427  gen=ok sail= ok  spike= ok  qemu= -- 
PASS  vsseg4e8.v     0x0c0070d7+0x80020137+0x62010427  gen=ok sail= ok  spike= ok  qemu= -- 
PASS  vsseg5e16.v    0x0c8070d7+0x80020137+0x82015427  gen=ok sail= ok  spike= ok  qemu= -- 
PASS  vsseg5e32.v    0x0d0070d7+0x80020137+0x82016427  gen=ok sail= ok  spike= ok  qemu= -- 
PASS  vsseg5e64.v    0x0d8070d7+0x80020137+0x82017427  gen=ok sail= ok  spike= ok  qemu= -- 
PASS  vsseg5e8.v     0x0c0070d7+0x80020137+0x82010427  gen=ok sail= ok  spike= ok  qemu= -- 
PASS  vsseg6e16.v    0x0c8070d7+0x80020137+0xa2015427  gen=ok sail= ok  spike= ok  qemu= -- 
PASS  vsseg6e32.v    0x0d0070d7+0x80020137+0xa2016427  gen=ok sail= ok  spike= ok  qemu= -- 
PASS  vsseg6e64.v    0x0d8070d7+0x80020137+0xa2017427  gen=ok sail= ok  spike= ok  qemu= -- 
PASS  vsseg6e8.v     0x0c0070d7+0x80020137+0xa2010427  gen=ok sail= ok  spike= ok  qemu= -- 
PASS  vsseg7e16.v    0x0c8070d7+0x80020137+0xc2015427  gen=ok sail= ok  spike= ok  qemu= -- 
PASS  vsseg7e32.v    0x0d0070d7+0x80020137+0xc2016427  gen=ok sail= ok  spike= ok  qemu= -- 
PASS  vsseg7e64.v    0x0d8070d7+0x80020137+0xc2017427  gen=ok sail= ok  spike= ok  qemu= -- 
PASS  vsseg7e8.v     0x0c0070d7+0x80020137+0xc2010427  gen=ok sail= ok  spike= ok  qemu= -- 
PASS  vsseg8e16.v    0x0c8070d7+0x80020137+0xe2015427  gen=ok sail= ok  spike= ok  qemu= -- 
PASS  vsseg8e32.v    0x0d0070d7+0x80020137+0xe2016427  gen=ok sail= ok  spike= ok  qemu= -- 
PASS  vsseg8e64.v    0x0d8070d7+0x80020137+0xe2017427  gen=ok sail= ok  spike= ok  qemu= -- 
PASS  vsseg8e8.v     0x0c0070d7+0x80020137+0xe2010427  gen=ok sail= ok  spike= ok  qemu= -- 
PASS  vssra.vi       0x0d0070d7+0xaf023457   gen=ok sail= ok  spike= ok  qemu= -- 
PASS  vssra.vv       0x0d0070d7+0xaf0c0457   gen=ok sail= ok  spike= ok  qemu= -- 
PASS  vssra.vx       0x0d0070d7+0xaf014457   gen=ok sail= ok  spike= ok  qemu= -- 
PASS  vssrl.vi       0x0d0070d7+0xab023457   gen=ok sail= ok  spike= ok  qemu= -- 
PASS  vssrl.vv       0x0d0070d7+0xab0c0457   gen=ok sail= ok  spike= ok  qemu= -- 
PASS  vssrl.vx       0x0d0070d7+0xab014457   gen=ok sail= ok  spike= ok  qemu= -- 
PASS  vssseg2e16.v   0x0c8070d7+0x80020137+0x00800193+0x2a315427  gen=ok sail= ok  spike= ok  qemu= -- 
PASS  vssseg2e32.v   0x0d0070d7+0x80020137+0x00800193+0x2a316427  gen=ok sail= ok  spike= ok  qemu= -- 
PASS  vssseg2e64.v   0x0d8070d7+0x80020137+0x00800193+0x2a317427  gen=ok sail= ok  spike= ok  qemu= -- 
PASS  vssseg2e8.v    0x0c0070d7+0x80020137+0x00800193+0x2a310427  gen=ok sail= ok  spike= ok  qemu= -- 
PASS  vssseg3e16.v   0x0c8070d7+0x80020137+0x00800193+0x4a315427  gen=ok sail= ok  spike= ok  qemu= -- 
PASS  vssseg3e32.v   0x0d0070d7+0x80020137+0x00800193+0x4a316427  gen=ok sail= ok  spike= ok  qemu= -- 
PASS  vssseg3e64.v   0x0d8070d7+0x80020137+0x00800193+0x4a317427  gen=ok sail= ok  spike= ok  qemu= -- 
PASS  vssseg3e8.v    0x0c0070d7+0x80020137+0x00800193+0x4a310427  gen=ok sail= ok  spike= ok  qemu= -- 
PASS  vssseg4e16.v   0x0c8070d7+0x80020137+0x00800193+0x6a315427  gen=ok sail= ok  spike= ok  qemu= -- 
PASS  vssseg4e32.v   0x0d0070d7+0x80020137+0x00800193+0x6a316427  gen=ok sail= ok  spike= ok  qemu= -- 
PASS  vssseg4e64.v   0x0d8070d7+0x80020137+0x00800193+0x6a317427  gen=ok sail= ok  spike= ok  qemu= -- 
PASS  vssseg4e8.v    0x0c0070d7+0x80020137+0x00800193+0x6a310427  gen=ok sail= ok  spike= ok  qemu= -- 
PASS  vssseg5e16.v   0x0c8070d7+0x80020137+0x00800193+0x8a315427  gen=ok sail= ok  spike= ok  qemu= -- 
PASS  vssseg5e32.v   0x0d0070d7+0x80020137+0x00800193+0x8a316427  gen=ok sail= ok  spike= ok  qemu= -- 
PASS  vssseg5e64.v   0x0d8070d7+0x80020137+0x00800193+0x8a317427  gen=ok sail= ok  spike= ok  qemu= -- 
PASS  vssseg5e8.v    0x0c0070d7+0x80020137+0x00800193+0x8a310427  gen=ok sail= ok  spike= ok  qemu= -- 
PASS  vssseg6e16.v   0x0c8070d7+0x80020137+0x00800193+0xaa315427  gen=ok sail= ok  spike= ok  qemu= -- 
FAIL  vssseg6e32.v   0x0d0070d7+0x80020137+0x00800193+0xaa316427  gen=ok sail=FAIL spike=FAIL qemu= --    <- sail: FAILURE: 1 (0x00000001); spike: *** FAILED *** (tohost = 1)
PASS  vssseg6e64.v   0x0d8070d7+0x80020137+0x00800193+0xaa317427  gen=ok sail= ok  spike= ok  qemu= -- 
PASS  vssseg6e8.v    0x0c0070d7+0x80020137+0x00800193+0xaa310427  gen=ok sail= ok  spike= ok  qemu= -- 
PASS  vssseg7e16.v   0x0c8070d7+0x80020137+0x00800193+0xca315427  gen=ok sail= ok  spike= ok  qemu= -- 
PASS  vssseg7e32.v   0x0d0070d7+0x80020137+0x00800193+0xca316427  gen=ok sail= ok  spike= ok  qemu= -- 
PASS  vssseg7e64.v   0x0d8070d7+0x80020137+0x00800193+0xca317427  gen=ok sail= ok  spike= ok  qemu= -- 
PASS  vssseg7e8.v    0x0c0070d7+0x80020137+0x00800193+0xca310427  gen=ok sail= ok  spike= ok  qemu= -- 
PASS  vssseg8e16.v   0x0c8070d7+0x80020137+0x00800193+0xea315427  gen=ok sail= ok  spike= ok  qemu= -- 
PASS  vssseg8e32.v   0x0d0070d7+0x80020137+0x00800193+0xea316427  gen=ok sail= ok  spike= ok  qemu= -- 
PASS  vssseg8e64.v   0x0d8070d7+0x80020137+0x00800193+0xea317427  gen=ok sail= ok  spike= ok  qemu= -- 
PASS  vssseg8e8.v    0x0c0070d7+0x80020137+0x00800193+0xea310427  gen=ok sail= ok  spike= ok  qemu= -- 
PASS  vssub.vv       0x0d0070d7+0x8f0c0457   gen=ok sail= ok  spike= ok  qemu= -- 
PASS  vssub.vx       0x0d0070d7+0x8f014457   gen=ok sail= ok  spike= ok  qemu= -- 
PASS  vssubu.vv      0x0d0070d7+0x8b0c0457   gen=ok sail= ok  spike= ok  qemu= -- 
PASS  vssubu.vx      0x0d0070d7+0x8b014457   gen=ok sail= ok  spike= ok  qemu= -- 
PASS  vsub.vv        0x0d0070d7+0x0b0c0457   gen=ok sail= ok  spike= ok  qemu= -- 
PASS  vsub.vx        0x0d0070d7+0x0b014457   gen=ok sail= ok  spike= ok  qemu= -- 
PASS  vsuxei16.v     0x0d0070d7+0x80020137+0x07015427  gen=ok sail= ok  spike= ok  qemu= -- 
PASS  vsuxei32.v     0x0d0070d7+0x80020137+0x07016427  gen=ok sail= ok  spike= ok  qemu= -- 
FAIL  vsuxei64.v     0x0d0070d7+0x80020137+0x07017427  gen=ok sail= ok  spike=FAIL qemu= --    <- spike: *** FAILED *** (tohost = 1)
PASS  vsuxei8.v      0x0d0070d7+0x80020137+0x07010427  gen=ok sail= ok  spike= ok  qemu= -- 
FAIL  vsuxseg2ei16.v 0x0d0070d7+0x80020137+0x27015427  gen=ok sail=FAIL spike=FAIL qemu= --    <- sail: FAILURE: 1 (0x00000001); spike: *** FAILED *** (tohost = 1)
PASS  vsuxseg2ei32.v 0x0d0070d7+0x80020137+0x27016427  gen=ok sail= ok  spike= ok  qemu= -- 
FAIL  vsuxseg2ei64.v 0x0d0070d7+0x80020137+0x27017427  gen=ok sail= ok  spike=FAIL qemu= --    <- spike: *** FAILED *** (tohost = 1)
PASS  vsuxseg2ei8.v  0x0d0070d7+0x80020137+0x27010427  gen=ok sail= ok  spike= ok  qemu= -- 
FAIL  vsuxseg3ei16.v 0x0d0070d7+0x80020137+0x47015427  gen=ok sail=FAIL spike=FAIL qemu= --    <- sail: FAILURE: 1 (0x00000001); spike: *** FAILED *** (tohost = 1)
PASS  vsuxseg3ei32.v 0x0d0070d7+0x80020137+0x47016427  gen=ok sail= ok  spike= ok  qemu= -- 
FAIL  vsuxseg3ei64.v 0x0d0070d7+0x80020137+0x47017427  gen=ok sail=FAIL spike=FAIL qemu= --    <- sail: FAILURE: 1 (0x00000001); spike: *** FAILED *** (tohost = 1)
PASS  vsuxseg3ei8.v  0x0d0070d7+0x80020137+0x47010427  gen=ok sail= ok  spike= ok  qemu= -- 
PASS  vsuxseg4ei16.v 0x0d0070d7+0x80020137+0x67015427  gen=ok sail= ok  spike= ok  qemu= -- 
PASS  vsuxseg4ei32.v 0x0d0070d7+0x80020137+0x67016427  gen=ok sail= ok  spike= ok  qemu= -- 
FAIL  vsuxseg4ei64.v 0x0d0070d7+0x80020137+0x67017427  gen=ok sail= ok  spike=FAIL qemu= --    <- spike: *** FAILED *** (tohost = 1)
PASS  vsuxseg4ei8.v  0x0d0070d7+0x80020137+0x67010427  gen=ok sail= ok  spike= ok  qemu= -- 
PASS  vsuxseg5ei16.v 0x0d0070d7+0x80020137+0x87015427  gen=ok sail= ok  spike= ok  qemu= -- 
PASS  vsuxseg5ei32.v 0x0d0070d7+0x80020137+0x87016427  gen=ok sail= ok  spike= ok  qemu= -- 
FAIL  vsuxseg5ei64.v 0x0d0070d7+0x80020137+0x87017427  gen=ok sail= ok  spike=FAIL qemu= --    <- spike: *** FAILED *** (tohost = 1)
PASS  vsuxseg5ei8.v  0x0d0070d7+0x80020137+0x87010427  gen=ok sail= ok  spike= ok  qemu= -- 
PASS  vsuxseg6ei16.v 0x0d0070d7+0x80020137+0xa7015427  gen=ok sail= ok  spike= ok  qemu= -- 
PASS  vsuxseg6ei32.v 0x0d0070d7+0x80020137+0xa7016427  gen=ok sail= ok  spike= ok  qemu= -- 
FAIL  vsuxseg6ei64.v 0x0d0070d7+0x80020137+0xa7017427  gen=ok sail= ok  spike=FAIL qemu= --    <- spike: *** FAILED *** (tohost = 1)
PASS  vsuxseg6ei8.v  0x0d0070d7+0x80020137+0xa7010427  gen=ok sail= ok  spike= ok  qemu= -- 
FAIL  vsuxseg7ei16.v 0x0d0070d7+0x80020137+0xc7015427  gen=ok sail=FAIL spike=FAIL qemu= --    <- sail: FAILURE: 1 (0x00000001); spike: *** FAILED *** (tohost = 1)
PASS  vsuxseg7ei32.v 0x0d0070d7+0x80020137+0xc7016427  gen=ok sail= ok  spike= ok  qemu= -- 
FAIL  vsuxseg7ei64.v 0x0d0070d7+0x80020137+0xc7017427  gen=ok sail= ok  spike=FAIL qemu= --    <- spike: *** FAILED *** (tohost = 1)
PASS  vsuxseg7ei8.v  0x0d0070d7+0x80020137+0xc7010427  gen=ok sail= ok  spike= ok  qemu= -- 
PASS  vsuxseg8ei16.v 0x0d0070d7+0x80020137+0xe7015427  gen=ok sail= ok  spike= ok  qemu= -- 
PASS  vsuxseg8ei32.v 0x0d0070d7+0x80020137+0xe7016427  gen=ok sail= ok  spike= ok  qemu= -- 
FAIL  vsuxseg8ei64.v 0x0d0070d7+0x80020137+0xe7017427  gen=ok sail= ok  spike=FAIL qemu= --    <- spike: *** FAILED *** (tohost = 1)
PASS  vsuxseg8ei8.v  0x0d0070d7+0x80020137+0xe7010427  gen=ok sail= ok  spike= ok  qemu= -- 
PASS  vwadd.vv       0x0d0070d7+0xc70c2457   gen=ok sail= ok  spike= ok  qemu= -- 
PASS  vwadd.vx       0x0d0070d7+0xc7016457   gen=ok sail= ok  spike= ok  qemu= -- 
PASS  vwadd.wv       0x0d0070d7+0xd70c2457   gen=ok sail= ok  spike= ok  qemu= -- 
PASS  vwadd.wx       0x0d0070d7+0xd7016457   gen=ok sail= ok  spike= ok  qemu= -- 
FAIL  vwaddu.vv      0x0d0070d7+0xc30c2457   gen=ok sail=FAIL spike=FAIL qemu= --    <- sail: FAILURE: 1 (0x00000001); spike: *** FAILED *** (tohost = 1)
PASS  vwaddu.vx      0x0d0070d7+0xc3016457   gen=ok sail= ok  spike= ok  qemu= -- 
PASS  vwaddu.wv      0x0d0070d7+0xd30c2457   gen=ok sail= ok  spike= ok  qemu= -- 
FAIL  vwaddu.wx      0x0d0070d7+0xd3016457   gen=ok sail=FAIL spike=FAIL qemu= --    <- sail: FAILURE: 1 (0x00000001); spike: *** FAILED *** (tohost = 1)
PASS  vwmacc.vv      0x0d0070d7+0xf7882457   gen=ok sail= ok  spike= ok  qemu= -- 
PASS  vwmacc.vx      0x0d0070d7+0xf7016457   gen=ok sail= ok  spike= ok  qemu= -- 
PASS  vwmaccsu.vv    0x0d0070d7+0xff882457   gen=ok sail= ok  spike= ok  qemu= -- 
PASS  vwmaccsu.vx    0x0d0070d7+0xff016457   gen=ok sail= ok  spike= ok  qemu= -- 
PASS  vwmaccu.vv     0x0d0070d7+0xf3882457   gen=ok sail= ok  spike= ok  qemu= -- 
PASS  vwmaccu.vx     0x0d0070d7+0xf3016457   gen=ok sail= ok  spike= ok  qemu= -- 
PASS  vwmaccus.vx    0x0d0070d7+0xfb016457   gen=ok sail= ok  spike= ok  qemu= -- 
PASS  vwmul.vv       0x0d0070d7+0xef0c2457   gen=ok sail= ok  spike= ok  qemu= -- 
PASS  vwmul.vx       0x0d0070d7+0xef016457   gen=ok sail= ok  spike= ok  qemu= -- 
PASS  vwmulsu.vv     0x0d0070d7+0xeb0c2457   gen=ok sail= ok  spike= ok  qemu= -- 
PASS  vwmulsu.vx     0x0d0070d7+0xeb016457   gen=ok sail= ok  spike= ok  qemu= -- 
PASS  vwmulu.vv      0x0d0070d7+0xe30c2457   gen=ok sail= ok  spike= ok  qemu= -- 
PASS  vwmulu.vx      0x0d0070d7+0xe3016457   gen=ok sail= ok  spike= ok  qemu= -- 
PASS  vwredsum.vs    0x0d0070d7+0xc70c0457   gen=ok sail= ok  spike= ok  qemu= -- 
PASS  vwredsumu.vs   0x0d0070d7+0xc30c0457   gen=ok sail= ok  spike= ok  qemu= -- 
PASS  vwsub.vv       0x0d0070d7+0xcf0c2457   gen=ok sail= ok  spike= ok  qemu= -- 
PASS  vwsub.vx       0x0d0070d7+0xcf016457   gen=ok sail= ok  spike= ok  qemu= -- 
PASS  vwsub.wv       0x0d0070d7+0xdf0c2457   gen=ok sail= ok  spike= ok  qemu= -- 
PASS  vwsub.wx       0x0d0070d7+0xdf016457   gen=ok sail= ok  spike= ok  qemu= -- 
PASS  vwsubu.vv      0x0d0070d7+0xcb0c2457   gen=ok sail= ok  spike= ok  qemu= -- 
PASS  vwsubu.vx      0x0d0070d7+0xcb016457   gen=ok sail= ok  spike= ok  qemu= -- 
PASS  vwsubu.wv      0x0d0070d7+0xdb0c2457   gen=ok sail= ok  spike= ok  qemu= -- 
PASS  vwsubu.wx      0x0d0070d7+0xdb016457   gen=ok sail= ok  spike= ok  qemu= -- 
PASS  vxor.vi        0x0d0070d7+0x2f023457   gen=ok sail= ok  spike= ok  qemu= -- 
PASS  vxor.vv        0x0d0070d7+0x2f0c0457   gen=ok sail= ok  spike= ok  qemu= -- 
PASS  vxor.vx        0x0d0070d7+0x2f014457   gen=ok sail= ok  spike= ok  qemu= -- 
PASS  vzext.vf2      0x0d0070d7+0x4b032457   gen=ok sail= ok  spike= ok  qemu= -- 
PASS  vzext.vf4      0x0d0070d7+0x4b022457   gen=ok sail= ok  spike= ok  qemu= -- 
PASS  vzext.vf8      0x0d8070d7+0x4b012457   gen=ok sail= ok  spike= ok  qemu= -- 

571/627 instructions: parsed from the model, generated, and passing on every available simulator (ok/FAIL/-- = pass/fail/not run)
  sail   601 pass, 26 fail, 0 not installed
  spike  571 pass, 56 fail, 0 not installed
  qemu   0 pass, 0 fail, 627 not installed

========================================================================
== V RV64  (M7)
========================================================================
# extension=V march_ext=v_zicsr out_dir=/tmp/sweep-final/V
PASS  vaadd.vv       0x0d0070d7+0x270c2457   gen=ok sail= ok  spike= ok  qemu= -- 
PASS  vaadd.vx       0x0d0070d7+0x27016457   gen=ok sail= ok  spike= ok  qemu= -- 
PASS  vaaddu.vv      0x0d0070d7+0x230c2457   gen=ok sail= ok  spike= ok  qemu= -- 
PASS  vaaddu.vx      0x0d0070d7+0x23016457   gen=ok sail= ok  spike= ok  qemu= -- 
PASS  vadc.vim       0x0d0070d7+0x41023457   gen=ok sail= ok  spike= ok  qemu= -- 
PASS  vadc.vvm       0x0d0070d7+0x410c0457   gen=ok sail= ok  spike= ok  qemu= -- 
PASS  vadc.vxm       0x0d0070d7+0x41014457   gen=ok sail= ok  spike= ok  qemu= -- 
PASS  vadd.vi        0x0d0070d7+0x03023457   gen=ok sail= ok  spike= ok  qemu= -- 
PASS  vadd.vv        0x0d0070d7+0x030c0457   gen=ok sail= ok  spike= ok  qemu= -- 
PASS  vadd.vx        0x0d0070d7+0x03014457   gen=ok sail= ok  spike= ok  qemu= -- 
PASS  vand.vi        0x0d0070d7+0x27023457   gen=ok sail= ok  spike= ok  qemu= -- 
PASS  vand.vv        0x0d0070d7+0x270c0457   gen=ok sail= ok  spike= ok  qemu= -- 
PASS  vand.vx        0x0d0070d7+0x27014457   gen=ok sail= ok  spike= ok  qemu= -- 
PASS  vasub.vv       0x0d0070d7+0x2f0c2457   gen=ok sail= ok  spike= ok  qemu= -- 
PASS  vasub.vx       0x0d0070d7+0x2f016457   gen=ok sail= ok  spike= ok  qemu= -- 
PASS  vasubu.vv      0x0d0070d7+0x2b0c2457   gen=ok sail= ok  spike= ok  qemu= -- 
PASS  vasubu.vx      0x0d0070d7+0x2b016457   gen=ok sail= ok  spike= ok  qemu= -- 
FAIL  vcompress.vm   0x0d0070d7+0x5f0c2457   gen=ok sail=FAIL spike=FAIL qemu= --    <- sail: FAILURE: 1 (0x00000001); spike: *** FAILED *** (tohost = 1)
PASS  vcpop.m        0x0d0070d7+0x42882157   gen=ok sail= ok  spike= ok  qemu= -- 
PASS  vdiv.vv        0x0d0070d7+0x870c2457   gen=ok sail= ok  spike= ok  qemu= -- 
PASS  vdiv.vx        0x0d0070d7+0x87016457   gen=ok sail= ok  spike= ok  qemu= -- 
PASS  vdivu.vv       0x0d0070d7+0x830c2457   gen=ok sail= ok  spike= ok  qemu= -- 
PASS  vdivu.vx       0x0d0070d7+0x83016457   gen=ok sail= ok  spike= ok  qemu= -- 
PASS  vfadd.vf       0x0d0070d7+0x0300d457   gen=ok sail= ok  spike= ok  qemu= -- 
PASS  vfadd.vv       0x0d0070d7+0x030c1457   gen=ok sail= ok  spike= ok  qemu= -- 
PASS  vfclass.v      0x0d0070d7+0x4f081457   gen=ok sail= ok  spike= ok  qemu= -- 
PASS  vfcvt.f.x.v    0x0d0070d7+0x4b019457   gen=ok sail= ok  spike= ok  qemu= -- 
PASS  vfcvt.f.xu.v   0x0d0070d7+0x4b011457   gen=ok sail= ok  spike= ok  qemu= -- 
PASS  vfcvt.rtz.x.f.v 0x0d0070d7+0x4b039457   gen=ok sail= ok  spike= ok  qemu= -- 
PASS  vfcvt.rtz.xu.f.v 0x0d0070d7+0x4b031457   gen=ok sail= ok  spike= ok  qemu= -- 
PASS  vfcvt.x.f.v    0x0d0070d7+0x4b009457   gen=ok sail= ok  spike= ok  qemu= -- 
PASS  vfcvt.xu.f.v   0x0d0070d7+0x4b001457   gen=ok sail= ok  spike= ok  qemu= -- 
PASS  vfdiv.vf       0x0d0070d7+0x8300d457   gen=ok sail= ok  spike= ok  qemu= -- 
PASS  vfdiv.vv       0x0d0070d7+0x830c1457   gen=ok sail= ok  spike= ok  qemu= -- 
PASS  vfirst.m       0x0d0070d7+0x4288a157   gen=ok sail= ok  spike= ok  qemu= -- 
PASS  vfmacc.vf      0x0d0070d7+0xb300d457   gen=ok sail= ok  spike= ok  qemu= -- 
PASS  vfmacc.vv      0x0d0070d7+0xb3881457   gen=ok sail= ok  spike= ok  qemu= -- 
PASS  vfmadd.vf      0x0d0070d7+0xa300d457   gen=ok sail= ok  spike= ok  qemu= -- 
PASS  vfmadd.vv      0x0d0070d7+0xa3881457   gen=ok sail= ok  spike= ok  qemu= -- 
PASS  vfmax.vf       0x0d0070d7+0x1b00d457   gen=ok sail= ok  spike= ok  qemu= -- 
PASS  vfmax.vv       0x0d0070d7+0x1b0c1457   gen=ok sail= ok  spike= ok  qemu= -- 
PASS  vfmerge.vfm    0x0d0070d7+0x5d00d457   gen=ok sail= ok  spike= ok  qemu= -- 
PASS  vfmin.vf       0x0d0070d7+0x1300d457   gen=ok sail= ok  spike= ok  qemu= -- 
PASS  vfmin.vv       0x0d0070d7+0x130c1457   gen=ok sail= ok  spike= ok  qemu= -- 
PASS  vfmsac.vf      0x0d0070d7+0xbb00d457   gen=ok sail= ok  spike= ok  qemu= -- 
PASS  vfmsac.vv      0x0d0070d7+0xbb881457   gen=ok sail= ok  spike= ok  qemu= -- 
PASS  vfmsub.vf      0x0d0070d7+0xab00d457   gen=ok sail= ok  spike= ok  qemu= -- 
PASS  vfmsub.vv      0x0d0070d7+0xab881457   gen=ok sail= ok  spike= ok  qemu= -- 
PASS  vfmul.vf       0x0d0070d7+0x9300d457   gen=ok sail= ok  spike= ok  qemu= -- 
PASS  vfmul.vv       0x0d0070d7+0x930c1457   gen=ok sail= ok  spike= ok  qemu= -- 
PASS  vfmv.f.s       0x0d0070d7+0x428010d7   gen=ok sail= ok  spike= ok  qemu= -- 
PASS  vfmv.s.f       0x0d0070d7+0x4200d457   gen=ok sail= ok  spike= ok  qemu= -- 
PASS  vfmv.v.f       0x0d0070d7+0x5e00d457   gen=ok sail= ok  spike= ok  qemu= -- 
PASS  vfncvt.f.f.w   0x0d0070d7+0x4b0a1457   gen=ok sail= ok  spike= ok  qemu= -- 
PASS  vfncvt.f.x.w   0x0d0070d7+0x4b099457   gen=ok sail= ok  spike= ok  qemu= -- 
PASS  vfncvt.f.xu.w  0x0d0070d7+0x4b091457   gen=ok sail= ok  spike= ok  qemu= -- 
PASS  vfncvt.rod.f.f.w 0x0d0070d7+0x4b0a9457   gen=ok sail= ok  spike= ok  qemu= -- 
PASS  vfncvt.rtz.x.f.w 0x0d0070d7+0x4b0b9457   gen=ok sail= ok  spike= ok  qemu= -- 
PASS  vfncvt.rtz.xu.f.w 0x0d0070d7+0x4b0b1457   gen=ok sail= ok  spike= ok  qemu= -- 
PASS  vfncvt.x.f.w   0x0d0070d7+0x4b089457   gen=ok sail= ok  spike= ok  qemu= -- 
PASS  vfncvt.xu.f.w  0x0d0070d7+0x4b081457   gen=ok sail= ok  spike= ok  qemu= -- 
PASS  vfnmacc.vf     0x0d0070d7+0xb700d457   gen=ok sail= ok  spike= ok  qemu= -- 
PASS  vfnmacc.vv     0x0d0070d7+0xb7881457   gen=ok sail= ok  spike= ok  qemu= -- 
PASS  vfnmadd.vf     0x0d0070d7+0xa700d457   gen=ok sail= ok  spike= ok  qemu= -- 
PASS  vfnmadd.vv     0x0d0070d7+0xa7881457   gen=ok sail= ok  spike= ok  qemu= -- 
PASS  vfnmsac.vf     0x0d0070d7+0xbf00d457   gen=ok sail= ok  spike= ok  qemu= -- 
PASS  vfnmsac.vv     0x0d0070d7+0xbf881457   gen=ok sail= ok  spike= ok  qemu= -- 
PASS  vfnmsub.vf     0x0d0070d7+0xaf00d457   gen=ok sail= ok  spike= ok  qemu= -- 
PASS  vfnmsub.vv     0x0d0070d7+0xaf881457   gen=ok sail= ok  spike= ok  qemu= -- 
PASS  vfrdiv.vf      0x0d0070d7+0x8700d457   gen=ok sail= ok  spike= ok  qemu= -- 
PASS  vfrec7.v       0x0d0070d7+0x4f029457   gen=ok sail= ok  spike= ok  qemu= -- 
PASS  vfredmax.vs    0x0d0070d7+0x1f0c1457   gen=ok sail= ok  spike= ok  qemu= -- 
PASS  vfredmin.vs    0x0d0070d7+0x170c1457   gen=ok sail= ok  spike= ok  qemu= -- 
PASS  vfredosum.vs   0x0d0070d7+0x0f0c1457   gen=ok sail= ok  spike= ok  qemu= -- 
PASS  vfredusum.vs   0x0d0070d7+0x070c1457   gen=ok sail= ok  spike= ok  qemu= -- 
PASS  vfrsqrt7.v     0x0d0070d7+0x4f021457   gen=ok sail= ok  spike= ok  qemu= -- 
PASS  vfrsub.vf      0x0d0070d7+0x9f00d457   gen=ok sail= ok  spike= ok  qemu= -- 
PASS  vfsgnj.vf      0x0d0070d7+0x2300d457   gen=ok sail= ok  spike= ok  qemu= -- 
PASS  vfsgnj.vv      0x0d0070d7+0x230c1457   gen=ok sail= ok  spike= ok  qemu= -- 
PASS  vfsgnjn.vf     0x0d0070d7+0x2700d457   gen=ok sail= ok  spike= ok  qemu= -- 
PASS  vfsgnjn.vv     0x0d0070d7+0x270c1457   gen=ok sail= ok  spike= ok  qemu= -- 
PASS  vfsgnjx.vf     0x0d0070d7+0x2b00d457   gen=ok sail= ok  spike= ok  qemu= -- 
PASS  vfsgnjx.vv     0x0d0070d7+0x2b0c1457   gen=ok sail= ok  spike= ok  qemu= -- 
PASS  vfslide1down.vf 0x0d0070d7+0x3f00d457   gen=ok sail= ok  spike= ok  qemu= -- 
PASS  vfslide1up.vf  0x0d0070d7+0x3b00d457   gen=ok sail= ok  spike= ok  qemu= -- 
PASS  vfsqrt.v       0x0d0070d7+0x4f001457   gen=ok sail= ok  spike= ok  qemu= -- 
PASS  vfsub.vf       0x0d0070d7+0x0b00d457   gen=ok sail= ok  spike= ok  qemu= -- 
PASS  vfsub.vv       0x0d0070d7+0x0b0c1457   gen=ok sail= ok  spike= ok  qemu= -- 
PASS  vfwadd.vf      0x0d0070d7+0xc300d457   gen=ok sail= ok  spike= ok  qemu= -- 
PASS  vfwadd.vv      0x0d0070d7+0xc30c1457   gen=ok sail= ok  spike= ok  qemu= -- 
PASS  vfwadd.wf      0x0d0070d7+0xd300d457   gen=ok sail= ok  spike= ok  qemu= -- 
PASS  vfwadd.wv      0x0d0070d7+0xd30c1457   gen=ok sail= ok  spike= ok  qemu= -- 
PASS  vfwcvt.f.f.v   0x0d0070d7+0x4b061457   gen=ok sail= ok  spike= ok  qemu= -- 
PASS  vfwcvt.f.x.v   0x0d0070d7+0x4b059457   gen=ok sail= ok  spike= ok  qemu= -- 
PASS  vfwcvt.f.xu.v  0x0d0070d7+0x4b051457   gen=ok sail= ok  spike= ok  qemu= -- 
PASS  vfwcvt.rtz.x.f.v 0x0d0070d7+0x4b079457   gen=ok sail= ok  spike= ok  qemu= -- 
PASS  vfwcvt.rtz.xu.f.v 0x0d0070d7+0x4b071457   gen=ok sail= ok  spike= ok  qemu= -- 
FAIL  vfwcvt.x.f.v   0x0d0070d7+0x4b049457   gen=ok sail=FAIL spike=FAIL qemu= --    <- sail: FAILURE: 1 (0x00000001); spike: *** FAILED *** (tohost = 1)
PASS  vfwcvt.xu.f.v  0x0d0070d7+0x4b041457   gen=ok sail= ok  spike= ok  qemu= -- 
PASS  vfwmacc.vf     0x0d0070d7+0xf300d457   gen=ok sail= ok  spike= ok  qemu= -- 
PASS  vfwmacc.vv     0x0d0070d7+0xf3881457   gen=ok sail= ok  spike= ok  qemu= -- 
PASS  vfwmsac.vf     0x0d0070d7+0xfb00d457   gen=ok sail= ok  spike= ok  qemu= -- 
PASS  vfwmsac.vv     0x0d0070d7+0xfb881457   gen=ok sail= ok  spike= ok  qemu= -- 
PASS  vfwmul.vf      0x0d0070d7+0xe300d457   gen=ok sail= ok  spike= ok  qemu= -- 
PASS  vfwmul.vv      0x0d0070d7+0xe30c1457   gen=ok sail= ok  spike= ok  qemu= -- 
PASS  vfwnmacc.vf    0x0d0070d7+0xf700d457   gen=ok sail= ok  spike= ok  qemu= -- 
PASS  vfwnmacc.vv    0x0d0070d7+0xf7881457   gen=ok sail= ok  spike= ok  qemu= -- 
PASS  vfwnmsac.vf    0x0d0070d7+0xff00d457   gen=ok sail= ok  spike= ok  qemu= -- 
PASS  vfwnmsac.vv    0x0d0070d7+0xff881457   gen=ok sail= ok  spike= ok  qemu= -- 
PASS  vfwredosum.vs  0x0d0070d7+0xcf0c1457   gen=ok sail= ok  spike= ok  qemu= -- 
PASS  vfwredusum.vs  0x0d0070d7+0xc70c1457   gen=ok sail= ok  spike= ok  qemu= -- 
PASS  vfwsub.vf      0x0d0070d7+0xcb00d457   gen=ok sail= ok  spike= ok  qemu= -- 
PASS  vfwsub.vv      0x0d0070d7+0xcb0c1457   gen=ok sail= ok  spike= ok  qemu= -- 
PASS  vfwsub.wf      0x0d0070d7+0xdb00d457   gen=ok sail= ok  spike= ok  qemu= -- 
PASS  vfwsub.wv      0x0d0070d7+0xdb0c1457   gen=ok sail= ok  spike= ok  qemu= -- 
PASS  vid.v          0x0d0070d7+0x5208a457   gen=ok sail= ok  spike= ok  qemu= -- 
PASS  viota.m        0x0d0070d7+0x53082457   gen=ok sail= ok  spike= ok  qemu= -- 
PASS  vl1re16.v      0x0c8070d7+0x80020137+0x02011113+0x02015113+0x02815407  gen=ok sail= ok  spike= ok  qemu= -- 
PASS  vl1re32.v      0x0d0070d7+0x80020137+0x02011113+0x02015113+0x02816407  gen=ok sail= ok  spike= ok  qemu= -- 
PASS  vl1re64.v      0x0d8070d7+0x80020137+0x02011113+0x02015113+0x02817407  gen=ok sail= ok  spike= ok  qemu= -- 
PASS  vl1re8.v       0x0c0070d7+0x80020137+0x02011113+0x02015113+0x02810407  gen=ok sail= ok  spike= ok  qemu= -- 
PASS  vl2re16.v      0x0c8070d7+0x80020137+0x02011113+0x02015113+0x22815407  gen=ok sail= ok  spike= ok  qemu= -- 
PASS  vl2re32.v      0x0d0070d7+0x80020137+0x02011113+0x02015113+0x22816407  gen=ok sail= ok  spike= ok  qemu= -- 
PASS  vl2re64.v      0x0d8070d7+0x80020137+0x02011113+0x02015113+0x22817407  gen=ok sail= ok  spike= ok  qemu= -- 
PASS  vl2re8.v       0x0c0070d7+0x80020137+0x02011113+0x02015113+0x22810407  gen=ok sail= ok  spike= ok  qemu= -- 
PASS  vl4re16.v      0x0c8070d7+0x80020137+0x02011113+0x02015113+0x62815407  gen=ok sail= ok  spike= ok  qemu= -- 
PASS  vl4re32.v      0x0d0070d7+0x80020137+0x02011113+0x02015113+0x62816407  gen=ok sail= ok  spike= ok  qemu= -- 
PASS  vl4re64.v      0x0d8070d7+0x80020137+0x02011113+0x02015113+0x62817407  gen=ok sail= ok  spike= ok  qemu= -- 
PASS  vl4re8.v       0x0c0070d7+0x80020137+0x02011113+0x02015113+0x62810407  gen=ok sail= ok  spike= ok  qemu= -- 
PASS  vl8re16.v      0x0c8070d7+0x80020137+0x02011113+0x02015113+0xe2815407  gen=ok sail= ok  spike= ok  qemu= -- 
PASS  vl8re32.v      0x0d0070d7+0x80020137+0x02011113+0x02015113+0xe2816407  gen=ok sail= ok  spike= ok  qemu= -- 
PASS  vl8re64.v      0x0d8070d7+0x80020137+0x02011113+0x02015113+0xe2817407  gen=ok sail= ok  spike= ok  qemu= -- 
PASS  vl8re8.v       0x0c0070d7+0x80020137+0x02011113+0x02015113+0xe2810407  gen=ok sail= ok  spike= ok  qemu= -- 
PASS  vle16.v        0x0c8070d7+0x80020137+0x02011113+0x02015113+0x02015407  gen=ok sail= ok  spike= ok  qemu= -- 
PASS  vle16ff.v      0x0c8070d7+0x80020137+0x02011113+0x02015113+0x03015407  gen=ok sail= ok  spike= ok  qemu= -- 
PASS  vle32.v        0x0d0070d7+0x80020137+0x02011113+0x02015113+0x02016407  gen=ok sail= ok  spike= ok  qemu= -- 
PASS  vle32ff.v      0x0d0070d7+0x80020137+0x02011113+0x02015113+0x03016407  gen=ok sail= ok  spike= ok  qemu= -- 
PASS  vle64.v        0x0d8070d7+0x80020137+0x02011113+0x02015113+0x02017407  gen=ok sail= ok  spike= ok  qemu= -- 
FAIL  vle64ff.v      0x0d8070d7+0x80020137+0x02011113+0x02015113+0x03017407  gen=ok sail=FAIL spike=FAIL qemu= --    <- sail: FAILURE: 1 (0x00000001); spike: *** FAILED *** (tohost = 1)
PASS  vle8.v         0x0c0070d7+0x80020137+0x02011113+0x02015113+0x02010407  gen=ok sail= ok  spike= ok  qemu= -- 
PASS  vle8ff.v       0x0c0070d7+0x80020137+0x02011113+0x02015113+0x03010407  gen=ok sail= ok  spike= ok  qemu= -- 
PASS  vlm.v          0x0d0070d7+0x80020137+0x02011113+0x02015113+0x02b10407  gen=ok sail= ok  spike= ok  qemu= -- 
PASS  vloxei16.v     0x0d0070d7+0x80020137+0x02011113+0x02015113+0x0f015407  gen=ok sail= ok  spike= ok  qemu= -- 
PASS  vloxei32.v     0x0d0070d7+0x80020137+0x02011113+0x02015113+0x0f016407  gen=ok sail= ok  spike= ok  qemu= -- 
PASS  vloxei64.v     0x0d0070d7+0x80020137+0x02011113+0x02015113+0x0f017407  gen=ok sail= ok  spike= ok  qemu= -- 
PASS  vloxei8.v      0x0d0070d7+0x80020137+0x02011113+0x02015113+0x0f010407  gen=ok sail= ok  spike= ok  qemu= -- 
FAIL  vloxseg2ei16.v 0x0d0070d7+0x80020137+0x02011113+0x02015113+0x2f015407  gen=ok sail=FAIL spike=FAIL qemu= --    <- sail: FAILURE: 1 (0x00000001); spike: *** FAILED *** (tohost = 1)
PASS  vloxseg2ei32.v 0x0d0070d7+0x80020137+0x02011113+0x02015113+0x2f016407  gen=ok sail= ok  spike= ok  qemu= -- 
PASS  vloxseg2ei64.v 0x0d0070d7+0x80020137+0x02011113+0x02015113+0x2f017407  gen=ok sail= ok  spike= ok  qemu= -- 
PASS  vloxseg2ei8.v  0x0d0070d7+0x80020137+0x02011113+0x02015113+0x2f010407  gen=ok sail= ok  spike= ok  qemu= -- 
PASS  vloxseg3ei16.v 0x0d0070d7+0x80020137+0x02011113+0x02015113+0x4f015407  gen=ok sail= ok  spike= ok  qemu= -- 
PASS  vloxseg3ei32.v 0x0d0070d7+0x80020137+0x02011113+0x02015113+0x4f016407  gen=ok sail= ok  spike= ok  qemu= -- 
PASS  vloxseg3ei64.v 0x0d0070d7+0x80020137+0x02011113+0x02015113+0x4f017407  gen=ok sail= ok  spike= ok  qemu= -- 
PASS  vloxseg3ei8.v  0x0d0070d7+0x80020137+0x02011113+0x02015113+0x4f010407  gen=ok sail= ok  spike= ok  qemu= -- 
PASS  vloxseg4ei16.v 0x0d0070d7+0x80020137+0x02011113+0x02015113+0x6f015407  gen=ok sail= ok  spike= ok  qemu= -- 
PASS  vloxseg4ei32.v 0x0d0070d7+0x80020137+0x02011113+0x02015113+0x6f016407  gen=ok sail= ok  spike= ok  qemu= -- 
PASS  vloxseg4ei64.v 0x0d0070d7+0x80020137+0x02011113+0x02015113+0x6f017407  gen=ok sail= ok  spike= ok  qemu= -- 
PASS  vloxseg4ei8.v  0x0d0070d7+0x80020137+0x02011113+0x02015113+0x6f010407  gen=ok sail= ok  spike= ok  qemu= -- 
PASS  vloxseg5ei16.v 0x0d0070d7+0x80020137+0x02011113+0x02015113+0x8f015407  gen=ok sail= ok  spike= ok  qemu= -- 
PASS  vloxseg5ei32.v 0x0d0070d7+0x80020137+0x02011113+0x02015113+0x8f016407  gen=ok sail= ok  spike= ok  qemu= -- 
PASS  vloxseg5ei64.v 0x0d0070d7+0x80020137+0x02011113+0x02015113+0x8f017407  gen=ok sail= ok  spike= ok  qemu= -- 
PASS  vloxseg5ei8.v  0x0d0070d7+0x80020137+0x02011113+0x02015113+0x8f010407  gen=ok sail= ok  spike= ok  qemu= -- 
PASS  vloxseg6ei16.v 0x0d0070d7+0x80020137+0x02011113+0x02015113+0xaf015407  gen=ok sail= ok  spike= ok  qemu= -- 
PASS  vloxseg6ei32.v 0x0d0070d7+0x80020137+0x02011113+0x02015113+0xaf016407  gen=ok sail= ok  spike= ok  qemu= -- 
PASS  vloxseg6ei64.v 0x0d0070d7+0x80020137+0x02011113+0x02015113+0xaf017407  gen=ok sail= ok  spike= ok  qemu= -- 
PASS  vloxseg6ei8.v  0x0d0070d7+0x80020137+0x02011113+0x02015113+0xaf010407  gen=ok sail= ok  spike= ok  qemu= -- 
PASS  vloxseg7ei16.v 0x0d0070d7+0x80020137+0x02011113+0x02015113+0xcf015407  gen=ok sail= ok  spike= ok  qemu= -- 
PASS  vloxseg7ei32.v 0x0d0070d7+0x80020137+0x02011113+0x02015113+0xcf016407  gen=ok sail= ok  spike= ok  qemu= -- 
PASS  vloxseg7ei64.v 0x0d0070d7+0x80020137+0x02011113+0x02015113+0xcf017407  gen=ok sail= ok  spike= ok  qemu= -- 
PASS  vloxseg7ei8.v  0x0d0070d7+0x80020137+0x02011113+0x02015113+0xcf010407  gen=ok sail= ok  spike= ok  qemu= -- 
PASS  vloxseg8ei16.v 0x0d0070d7+0x80020137+0x02011113+0x02015113+0xef015407  gen=ok sail= ok  spike= ok  qemu= -- 
PASS  vloxseg8ei32.v 0x0d0070d7+0x80020137+0x02011113+0x02015113+0xef016407  gen=ok sail= ok  spike= ok  qemu= -- 
PASS  vloxseg8ei64.v 0x0d0070d7+0x80020137+0x02011113+0x02015113+0xef017407  gen=ok sail= ok  spike= ok  qemu= -- 
PASS  vloxseg8ei8.v  0x0d0070d7+0x80020137+0x02011113+0x02015113+0xef010407  gen=ok sail= ok  spike= ok  qemu= -- 
PASS  vlse16.v       0x0c8070d7+0x80020137+0x02011113+0x02015113+0x00800193+0x0a315407  gen=ok sail= ok  spike= ok  qemu= -- 
PASS  vlse32.v       0x0d0070d7+0x80020137+0x02011113+0x02015113+0x00800193+0x0a316407  gen=ok sail= ok  spike= ok  qemu= -- 
PASS  vlse64.v       0x0d8070d7+0x80020137+0x02011113+0x02015113+0x00800193+0x0a317407  gen=ok sail= ok  spike= ok  qemu= -- 
PASS  vlse8.v        0x0c0070d7+0x80020137+0x02011113+0x02015113+0x00800193+0x0a310407  gen=ok sail= ok  spike= ok  qemu= -- 
PASS  vlseg2e16.v    0x0c8070d7+0x80020137+0x02011113+0x02015113+0x22015407  gen=ok sail= ok  spike= ok  qemu= -- 
PASS  vlseg2e16ff.v  0x0c8070d7+0x80020137+0x02011113+0x02015113+0x23015407  gen=ok sail= ok  spike= ok  qemu= -- 
PASS  vlseg2e32.v    0x0d0070d7+0x80020137+0x02011113+0x02015113+0x22016407  gen=ok sail= ok  spike= ok  qemu= -- 
PASS  vlseg2e32ff.v  0x0d0070d7+0x80020137+0x02011113+0x02015113+0x23016407  gen=ok sail= ok  spike= ok  qemu= -- 
PASS  vlseg2e64.v    0x0d8070d7+0x80020137+0x02011113+0x02015113+0x22017407  gen=ok sail= ok  spike= ok  qemu= -- 
PASS  vlseg2e64ff.v  0x0d8070d7+0x80020137+0x02011113+0x02015113+0x23017407  gen=ok sail= ok  spike= ok  qemu= -- 
PASS  vlseg2e8.v     0x0c0070d7+0x80020137+0x02011113+0x02015113+0x22010407  gen=ok sail= ok  spike= ok  qemu= -- 
PASS  vlseg2e8ff.v   0x0c0070d7+0x80020137+0x02011113+0x02015113+0x23010407  gen=ok sail= ok  spike= ok  qemu= -- 
PASS  vlseg3e16.v    0x0c8070d7+0x80020137+0x02011113+0x02015113+0x42015407  gen=ok sail= ok  spike= ok  qemu= -- 
PASS  vlseg3e16ff.v  0x0c8070d7+0x80020137+0x02011113+0x02015113+0x43015407  gen=ok sail= ok  spike= ok  qemu= -- 
PASS  vlseg3e32.v    0x0d0070d7+0x80020137+0x02011113+0x02015113+0x42016407  gen=ok sail= ok  spike= ok  qemu= -- 
PASS  vlseg3e32ff.v  0x0d0070d7+0x80020137+0x02011113+0x02015113+0x43016407  gen=ok sail= ok  spike= ok  qemu= -- 
PASS  vlseg3e64.v    0x0d8070d7+0x80020137+0x02011113+0x02015113+0x42017407  gen=ok sail= ok  spike= ok  qemu= -- 
PASS  vlseg3e64ff.v  0x0d8070d7+0x80020137+0x02011113+0x02015113+0x43017407  gen=ok sail= ok  spike= ok  qemu= -- 
PASS  vlseg3e8.v     0x0c0070d7+0x80020137+0x02011113+0x02015113+0x42010407  gen=ok sail= ok  spike= ok  qemu= -- 
PASS  vlseg3e8ff.v   0x0c0070d7+0x80020137+0x02011113+0x02015113+0x43010407  gen=ok sail= ok  spike= ok  qemu= -- 
PASS  vlseg4e16.v    0x0c8070d7+0x80020137+0x02011113+0x02015113+0x62015407  gen=ok sail= ok  spike= ok  qemu= -- 
PASS  vlseg4e16ff.v  0x0c8070d7+0x80020137+0x02011113+0x02015113+0x63015407  gen=ok sail= ok  spike= ok  qemu= -- 
PASS  vlseg4e32.v    0x0d0070d7+0x80020137+0x02011113+0x02015113+0x62016407  gen=ok sail= ok  spike= ok  qemu= -- 
PASS  vlseg4e32ff.v  0x0d0070d7+0x80020137+0x02011113+0x02015113+0x63016407  gen=ok sail= ok  spike= ok  qemu= -- 
PASS  vlseg4e64.v    0x0d8070d7+0x80020137+0x02011113+0x02015113+0x62017407  gen=ok sail= ok  spike= ok  qemu= -- 
PASS  vlseg4e64ff.v  0x0d8070d7+0x80020137+0x02011113+0x02015113+0x63017407  gen=ok sail= ok  spike= ok  qemu= -- 
PASS  vlseg4e8.v     0x0c0070d7+0x80020137+0x02011113+0x02015113+0x62010407  gen=ok sail= ok  spike= ok  qemu= -- 
FAIL  vlseg4e8ff.v   0x0c0070d7+0x80020137+0x02011113+0x02015113+0x63010407  gen=ok sail=FAIL spike=FAIL qemu= --    <- sail: FAILURE: 1 (0x00000001); spike: *** FAILED *** (tohost = 1)
PASS  vlseg5e16.v    0x0c8070d7+0x80020137+0x02011113+0x02015113+0x82015407  gen=ok sail= ok  spike= ok  qemu= -- 
PASS  vlseg5e16ff.v  0x0c8070d7+0x80020137+0x02011113+0x02015113+0x83015407  gen=ok sail= ok  spike= ok  qemu= -- 
PASS  vlseg5e32.v    0x0d0070d7+0x80020137+0x02011113+0x02015113+0x82016407  gen=ok sail= ok  spike= ok  qemu= -- 
PASS  vlseg5e32ff.v  0x0d0070d7+0x80020137+0x02011113+0x02015113+0x83016407  gen=ok sail= ok  spike= ok  qemu= -- 
PASS  vlseg5e64.v    0x0d8070d7+0x80020137+0x02011113+0x02015113+0x82017407  gen=ok sail= ok  spike= ok  qemu= -- 
PASS  vlseg5e64ff.v  0x0d8070d7+0x80020137+0x02011113+0x02015113+0x83017407  gen=ok sail= ok  spike= ok  qemu= -- 
PASS  vlseg5e8.v     0x0c0070d7+0x80020137+0x02011113+0x02015113+0x82010407  gen=ok sail= ok  spike= ok  qemu= -- 
PASS  vlseg5e8ff.v   0x0c0070d7+0x80020137+0x02011113+0x02015113+0x83010407  gen=ok sail= ok  spike= ok  qemu= -- 
PASS  vlseg6e16.v    0x0c8070d7+0x80020137+0x02011113+0x02015113+0xa2015407  gen=ok sail= ok  spike= ok  qemu= -- 
PASS  vlseg6e16ff.v  0x0c8070d7+0x80020137+0x02011113+0x02015113+0xa3015407  gen=ok sail= ok  spike= ok  qemu= -- 
PASS  vlseg6e32.v    0x0d0070d7+0x80020137+0x02011113+0x02015113+0xa2016407  gen=ok sail= ok  spike= ok  qemu= -- 
PASS  vlseg6e32ff.v  0x0d0070d7+0x80020137+0x02011113+0x02015113+0xa3016407  gen=ok sail= ok  spike= ok  qemu= -- 
FAIL  vlseg6e64.v    0x0d8070d7+0x80020137+0x02011113+0x02015113+0xa2017407  gen=ok sail=FAIL spike=FAIL qemu= --    <- sail: FAILURE: 1 (0x00000001); spike: *** FAILED *** (tohost = 1)
PASS  vlseg6e64ff.v  0x0d8070d7+0x80020137+0x02011113+0x02015113+0xa3017407  gen=ok sail= ok  spike= ok  qemu= -- 
PASS  vlseg6e8.v     0x0c0070d7+0x80020137+0x02011113+0x02015113+0xa2010407  gen=ok sail= ok  spike= ok  qemu= -- 
PASS  vlseg6e8ff.v   0x0c0070d7+0x80020137+0x02011113+0x02015113+0xa3010407  gen=ok sail= ok  spike= ok  qemu= -- 
PASS  vlseg7e16.v    0x0c8070d7+0x80020137+0x02011113+0x02015113+0xc2015407  gen=ok sail= ok  spike= ok  qemu= -- 
PASS  vlseg7e16ff.v  0x0c8070d7+0x80020137+0x02011113+0x02015113+0xc3015407  gen=ok sail= ok  spike= ok  qemu= -- 
PASS  vlseg7e32.v    0x0d0070d7+0x80020137+0x02011113+0x02015113+0xc2016407  gen=ok sail= ok  spike= ok  qemu= -- 
PASS  vlseg7e32ff.v  0x0d0070d7+0x80020137+0x02011113+0x02015113+0xc3016407  gen=ok sail= ok  spike= ok  qemu= -- 
PASS  vlseg7e64.v    0x0d8070d7+0x80020137+0x02011113+0x02015113+0xc2017407  gen=ok sail= ok  spike= ok  qemu= -- 
PASS  vlseg7e64ff.v  0x0d8070d7+0x80020137+0x02011113+0x02015113+0xc3017407  gen=ok sail= ok  spike= ok  qemu= -- 
PASS  vlseg7e8.v     0x0c0070d7+0x80020137+0x02011113+0x02015113+0xc2010407  gen=ok sail= ok  spike= ok  qemu= -- 
PASS  vlseg7e8ff.v   0x0c0070d7+0x80020137+0x02011113+0x02015113+0xc3010407  gen=ok sail= ok  spike= ok  qemu= -- 
PASS  vlseg8e16.v    0x0c8070d7+0x80020137+0x02011113+0x02015113+0xe2015407  gen=ok sail= ok  spike= ok  qemu= -- 
PASS  vlseg8e16ff.v  0x0c8070d7+0x80020137+0x02011113+0x02015113+0xe3015407  gen=ok sail= ok  spike= ok  qemu= -- 
PASS  vlseg8e32.v    0x0d0070d7+0x80020137+0x02011113+0x02015113+0xe2016407  gen=ok sail= ok  spike= ok  qemu= -- 
PASS  vlseg8e32ff.v  0x0d0070d7+0x80020137+0x02011113+0x02015113+0xe3016407  gen=ok sail= ok  spike= ok  qemu= -- 
PASS  vlseg8e64.v    0x0d8070d7+0x80020137+0x02011113+0x02015113+0xe2017407  gen=ok sail= ok  spike= ok  qemu= -- 
PASS  vlseg8e64ff.v  0x0d8070d7+0x80020137+0x02011113+0x02015113+0xe3017407  gen=ok sail= ok  spike= ok  qemu= -- 
PASS  vlseg8e8.v     0x0c0070d7+0x80020137+0x02011113+0x02015113+0xe2010407  gen=ok sail= ok  spike= ok  qemu= -- 
PASS  vlseg8e8ff.v   0x0c0070d7+0x80020137+0x02011113+0x02015113+0xe3010407  gen=ok sail= ok  spike= ok  qemu= -- 
PASS  vlsseg2e16.v   0x0c8070d7+0x80020137+0x02011113+0x02015113+0x00800193+0x2a315407  gen=ok sail= ok  spike= ok  qemu= -- 
PASS  vlsseg2e32.v   0x0d0070d7+0x80020137+0x02011113+0x02015113+0x00800193+0x2a316407  gen=ok sail= ok  spike= ok  qemu= -- 
PASS  vlsseg2e64.v   0x0d8070d7+0x80020137+0x02011113+0x02015113+0x00800193+0x2a317407  gen=ok sail= ok  spike= ok  qemu= -- 
PASS  vlsseg2e8.v    0x0c0070d7+0x80020137+0x02011113+0x02015113+0x00800193+0x2a310407  gen=ok sail= ok  spike= ok  qemu= -- 
PASS  vlsseg3e16.v   0x0c8070d7+0x80020137+0x02011113+0x02015113+0x00800193+0x4a315407  gen=ok sail= ok  spike= ok  qemu= -- 
PASS  vlsseg3e32.v   0x0d0070d7+0x80020137+0x02011113+0x02015113+0x00800193+0x4a316407  gen=ok sail= ok  spike= ok  qemu= -- 
PASS  vlsseg3e64.v   0x0d8070d7+0x80020137+0x02011113+0x02015113+0x00800193+0x4a317407  gen=ok sail= ok  spike= ok  qemu= -- 
PASS  vlsseg3e8.v    0x0c0070d7+0x80020137+0x02011113+0x02015113+0x00800193+0x4a310407  gen=ok sail= ok  spike= ok  qemu= -- 
PASS  vlsseg4e16.v   0x0c8070d7+0x80020137+0x02011113+0x02015113+0x00800193+0x6a315407  gen=ok sail= ok  spike= ok  qemu= -- 
PASS  vlsseg4e32.v   0x0d0070d7+0x80020137+0x02011113+0x02015113+0x00800193+0x6a316407  gen=ok sail= ok  spike= ok  qemu= -- 
PASS  vlsseg4e64.v   0x0d8070d7+0x80020137+0x02011113+0x02015113+0x00800193+0x6a317407  gen=ok sail= ok  spike= ok  qemu= -- 
PASS  vlsseg4e8.v    0x0c0070d7+0x80020137+0x02011113+0x02015113+0x00800193+0x6a310407  gen=ok sail= ok  spike= ok  qemu= -- 
PASS  vlsseg5e16.v   0x0c8070d7+0x80020137+0x02011113+0x02015113+0x00800193+0x8a315407  gen=ok sail= ok  spike= ok  qemu= -- 
PASS  vlsseg5e32.v   0x0d0070d7+0x80020137+0x02011113+0x02015113+0x00800193+0x8a316407  gen=ok sail= ok  spike= ok  qemu= -- 
PASS  vlsseg5e64.v   0x0d8070d7+0x80020137+0x02011113+0x02015113+0x00800193+0x8a317407  gen=ok sail= ok  spike= ok  qemu= -- 
PASS  vlsseg5e8.v    0x0c0070d7+0x80020137+0x02011113+0x02015113+0x00800193+0x8a310407  gen=ok sail= ok  spike= ok  qemu= -- 
PASS  vlsseg6e16.v   0x0c8070d7+0x80020137+0x02011113+0x02015113+0x00800193+0xaa315407  gen=ok sail= ok  spike= ok  qemu= -- 
PASS  vlsseg6e32.v   0x0d0070d7+0x80020137+0x02011113+0x02015113+0x00800193+0xaa316407  gen=ok sail= ok  spike= ok  qemu= -- 
PASS  vlsseg6e64.v   0x0d8070d7+0x80020137+0x02011113+0x02015113+0x00800193+0xaa317407  gen=ok sail= ok  spike= ok  qemu= -- 
PASS  vlsseg6e8.v    0x0c0070d7+0x80020137+0x02011113+0x02015113+0x00800193+0xaa310407  gen=ok sail= ok  spike= ok  qemu= -- 
PASS  vlsseg7e16.v   0x0c8070d7+0x80020137+0x02011113+0x02015113+0x00800193+0xca315407  gen=ok sail= ok  spike= ok  qemu= -- 
PASS  vlsseg7e32.v   0x0d0070d7+0x80020137+0x02011113+0x02015113+0x00800193+0xca316407  gen=ok sail= ok  spike= ok  qemu= -- 
PASS  vlsseg7e64.v   0x0d8070d7+0x80020137+0x02011113+0x02015113+0x00800193+0xca317407  gen=ok sail= ok  spike= ok  qemu= -- 
PASS  vlsseg7e8.v    0x0c0070d7+0x80020137+0x02011113+0x02015113+0x00800193+0xca310407  gen=ok sail= ok  spike= ok  qemu= -- 
PASS  vlsseg8e16.v   0x0c8070d7+0x80020137+0x02011113+0x02015113+0x00800193+0xea315407  gen=ok sail= ok  spike= ok  qemu= -- 
PASS  vlsseg8e32.v   0x0d0070d7+0x80020137+0x02011113+0x02015113+0x00800193+0xea316407  gen=ok sail= ok  spike= ok  qemu= -- 
PASS  vlsseg8e64.v   0x0d8070d7+0x80020137+0x02011113+0x02015113+0x00800193+0xea317407  gen=ok sail= ok  spike= ok  qemu= -- 
PASS  vlsseg8e8.v    0x0c0070d7+0x80020137+0x02011113+0x02015113+0x00800193+0xea310407  gen=ok sail= ok  spike= ok  qemu= -- 
PASS  vluxei16.v     0x0d0070d7+0x80020137+0x02011113+0x02015113+0x07015407  gen=ok sail= ok  spike= ok  qemu= -- 
PASS  vluxei32.v     0x0d0070d7+0x80020137+0x02011113+0x02015113+0x07016407  gen=ok sail= ok  spike= ok  qemu= -- 
PASS  vluxei64.v     0x0d0070d7+0x80020137+0x02011113+0x02015113+0x07017407  gen=ok sail= ok  spike= ok  qemu= -- 
PASS  vluxei8.v      0x0d0070d7+0x80020137+0x02011113+0x02015113+0x07010407  gen=ok sail= ok  spike= ok  qemu= -- 
PASS  vluxseg2ei16.v 0x0d0070d7+0x80020137+0x02011113+0x02015113+0x27015407  gen=ok sail= ok  spike= ok  qemu= -- 
PASS  vluxseg2ei32.v 0x0d0070d7+0x80020137+0x02011113+0x02015113+0x27016407  gen=ok sail= ok  spike= ok  qemu= -- 
PASS  vluxseg2ei64.v 0x0d0070d7+0x80020137+0x02011113+0x02015113+0x27017407  gen=ok sail= ok  spike= ok  qemu= -- 
PASS  vluxseg2ei8.v  0x0d0070d7+0x80020137+0x02011113+0x02015113+0x27010407  gen=ok sail= ok  spike= ok  qemu= -- 
PASS  vluxseg3ei16.v 0x0d0070d7+0x80020137+0x02011113+0x02015113+0x47015407  gen=ok sail= ok  spike= ok  qemu= -- 
PASS  vluxseg3ei32.v 0x0d0070d7+0x80020137+0x02011113+0x02015113+0x47016407  gen=ok sail= ok  spike= ok  qemu= -- 
FAIL  vluxseg3ei64.v 0x0d0070d7+0x80020137+0x02011113+0x02015113+0x47017407  gen=ok sail=FAIL spike=FAIL qemu= --    <- sail: FAILURE: 1 (0x00000001); spike: *** FAILED *** (tohost = 1)
PASS  vluxseg3ei8.v  0x0d0070d7+0x80020137+0x02011113+0x02015113+0x47010407  gen=ok sail= ok  spike= ok  qemu= -- 
PASS  vluxseg4ei16.v 0x0d0070d7+0x80020137+0x02011113+0x02015113+0x67015407  gen=ok sail= ok  spike= ok  qemu= -- 
FAIL  vluxseg4ei32.v 0x0d0070d7+0x80020137+0x02011113+0x02015113+0x67016407  gen=ok sail=FAIL spike=FAIL qemu= --    <- sail: FAILURE: 1 (0x00000001); spike: *** FAILED *** (tohost = 1)
PASS  vluxseg4ei64.v 0x0d0070d7+0x80020137+0x02011113+0x02015113+0x67017407  gen=ok sail= ok  spike= ok  qemu= -- 
PASS  vluxseg4ei8.v  0x0d0070d7+0x80020137+0x02011113+0x02015113+0x67010407  gen=ok sail= ok  spike= ok  qemu= -- 
PASS  vluxseg5ei16.v 0x0d0070d7+0x80020137+0x02011113+0x02015113+0x87015407  gen=ok sail= ok  spike= ok  qemu= -- 
PASS  vluxseg5ei32.v 0x0d0070d7+0x80020137+0x02011113+0x02015113+0x87016407  gen=ok sail= ok  spike= ok  qemu= -- 
PASS  vluxseg5ei64.v 0x0d0070d7+0x80020137+0x02011113+0x02015113+0x87017407  gen=ok sail= ok  spike= ok  qemu= -- 
PASS  vluxseg5ei8.v  0x0d0070d7+0x80020137+0x02011113+0x02015113+0x87010407  gen=ok sail= ok  spike= ok  qemu= -- 
PASS  vluxseg6ei16.v 0x0d0070d7+0x80020137+0x02011113+0x02015113+0xa7015407  gen=ok sail= ok  spike= ok  qemu= -- 
PASS  vluxseg6ei32.v 0x0d0070d7+0x80020137+0x02011113+0x02015113+0xa7016407  gen=ok sail= ok  spike= ok  qemu= -- 
PASS  vluxseg6ei64.v 0x0d0070d7+0x80020137+0x02011113+0x02015113+0xa7017407  gen=ok sail= ok  spike= ok  qemu= -- 
PASS  vluxseg6ei8.v  0x0d0070d7+0x80020137+0x02011113+0x02015113+0xa7010407  gen=ok sail= ok  spike= ok  qemu= -- 
PASS  vluxseg7ei16.v 0x0d0070d7+0x80020137+0x02011113+0x02015113+0xc7015407  gen=ok sail= ok  spike= ok  qemu= -- 
PASS  vluxseg7ei32.v 0x0d0070d7+0x80020137+0x02011113+0x02015113+0xc7016407  gen=ok sail= ok  spike= ok  qemu= -- 
PASS  vluxseg7ei64.v 0x0d0070d7+0x80020137+0x02011113+0x02015113+0xc7017407  gen=ok sail= ok  spike= ok  qemu= -- 
PASS  vluxseg7ei8.v  0x0d0070d7+0x80020137+0x02011113+0x02015113+0xc7010407  gen=ok sail= ok  spike= ok  qemu= -- 
PASS  vluxseg8ei16.v 0x0d0070d7+0x80020137+0x02011113+0x02015113+0xe7015407  gen=ok sail= ok  spike= ok  qemu= -- 
PASS  vluxseg8ei32.v 0x0d0070d7+0x80020137+0x02011113+0x02015113+0xe7016407  gen=ok sail= ok  spike= ok  qemu= -- 
FAIL  vluxseg8ei64.v 0x0d0070d7+0x80020137+0x02011113+0x02015113+0xe7017407  gen=ok sail=FAIL spike=FAIL qemu= --    <- sail: FAILURE: 1 (0x00000001); spike: *** FAILED *** (tohost = 1)
PASS  vluxseg8ei8.v  0x0d0070d7+0x80020137+0x02011113+0x02015113+0xe7010407  gen=ok sail= ok  spike= ok  qemu= -- 
PASS  vmacc.vv       0x0d0070d7+0xb7882457   gen=ok sail= ok  spike= ok  qemu= -- 
PASS  vmacc.vx       0x0d0070d7+0xb7016457   gen=ok sail= ok  spike= ok  qemu= -- 
PASS  vmadc.vi       0x0d0070d7+0x47023457   gen=ok sail= ok  spike= ok  qemu= -- 
PASS  vmadc.vim      0x0d0070d7+0x45023457   gen=ok sail= ok  spike= ok  qemu= -- 
PASS  vmadc.vv       0x0d0070d7+0x470c0457   gen=ok sail= ok  spike= ok  qemu= -- 
PASS  vmadc.vvm      0x0d0070d7+0x450c0457   gen=ok sail= ok  spike= ok  qemu= -- 
PASS  vmadc.vx       0x0d0070d7+0x47014457   gen=ok sail= ok  spike= ok  qemu= -- 
PASS  vmadc.vxm      0x0d0070d7+0x45014457   gen=ok sail= ok  spike= ok  qemu= -- 
PASS  vmadd.vv       0x0d0070d7+0xa7882457   gen=ok sail= ok  spike= ok  qemu= -- 
PASS  vmadd.vx       0x0d0070d7+0xa7016457   gen=ok sail= ok  spike= ok  qemu= -- 
PASS  vmand.mm       0x0d0070d7+0x670c2457   gen=ok sail= ok  spike= ok  qemu= -- 
PASS  vmandn.mm      0x0d0070d7+0x630c2457   gen=ok sail= ok  spike= ok  qemu= -- 
PASS  vmax.vv        0x0d0070d7+0x1f0c0457   gen=ok sail= ok  spike= ok  qemu= -- 
PASS  vmax.vx        0x0d0070d7+0x1f014457   gen=ok sail= ok  spike= ok  qemu= -- 
PASS  vmaxu.vv       0x0d0070d7+0x1b0c0457   gen=ok sail= ok  spike= ok  qemu= -- 
PASS  vmaxu.vx       0x0d0070d7+0x1b014457   gen=ok sail= ok  spike= ok  qemu= -- 
PASS  vmerge.vim     0x0d0070d7+0x5d023457   gen=ok sail= ok  spike= ok  qemu= -- 
PASS  vmerge.vvm     0x0d0070d7+0x5d0c0457   gen=ok sail= ok  spike= ok  qemu= -- 
PASS  vmerge.vxm     0x0d0070d7+0x5d014457   gen=ok sail= ok  spike= ok  qemu= -- 
PASS  vmfeq.vf       0x0d0070d7+0x6300d457   gen=ok sail= ok  spike= ok  qemu= -- 
PASS  vmfeq.vv       0x0d0070d7+0x630c1457   gen=ok sail= ok  spike= ok  qemu= -- 
PASS  vmfge.vf       0x0d0070d7+0x7f00d457   gen=ok sail= ok  spike= ok  qemu= -- 
PASS  vmfgt.vf       0x0d0070d7+0x7700d457   gen=ok sail= ok  spike= ok  qemu= -- 
PASS  vmfle.vf       0x0d0070d7+0x6700d457   gen=ok sail= ok  spike= ok  qemu= -- 
PASS  vmfle.vv       0x0d0070d7+0x670c1457   gen=ok sail= ok  spike= ok  qemu= -- 
PASS  vmflt.vf       0x0d0070d7+0x6f00d457   gen=ok sail= ok  spike= ok  qemu= -- 
PASS  vmflt.vv       0x0d0070d7+0x6f0c1457   gen=ok sail= ok  spike= ok  qemu= -- 
PASS  vmfne.vf       0x0d0070d7+0x7300d457   gen=ok sail= ok  spike= ok  qemu= -- 
PASS  vmfne.vv       0x0d0070d7+0x730c1457   gen=ok sail= ok  spike= ok  qemu= -- 
PASS  vmin.vv        0x0d0070d7+0x170c0457   gen=ok sail= ok  spike= ok  qemu= -- 
PASS  vmin.vx        0x0d0070d7+0x17014457   gen=ok sail= ok  spike= ok  qemu= -- 
PASS  vminu.vv       0x0d0070d7+0x130c0457   gen=ok sail= ok  spike= ok  qemu= -- 
FAIL  vminu.vx       0x0d0070d7+0x13014457   gen=ok sail=FAIL spike=FAIL qemu= --    <- sail: FAILURE: 1 (0x00000001); spike: *** FAILED *** (tohost = 1)
PASS  vmnand.mm      0x0d0070d7+0x770c2457   gen=ok sail= ok  spike= ok  qemu= -- 
PASS  vmnor.mm       0x0d0070d7+0x7b0c2457   gen=ok sail= ok  spike= ok  qemu= -- 
PASS  vmor.mm        0x0d0070d7+0x6b0c2457   gen=ok sail= ok  spike= ok  qemu= -- 
PASS  vmorn.mm       0x0d0070d7+0x730c2457   gen=ok sail= ok  spike= ok  qemu= -- 
PASS  vmsbc.vv       0x0d0070d7+0x4f0c0457   gen=ok sail= ok  spike= ok  qemu= -- 
PASS  vmsbc.vvm      0x0d0070d7+0x4d0c0457   gen=ok sail= ok  spike= ok  qemu= -- 
PASS  vmsbc.vx       0x0d0070d7+0x4f014457   gen=ok sail= ok  spike= ok  qemu= -- 
PASS  vmsbc.vxm      0x0d0070d7+0x4d014457   gen=ok sail= ok  spike= ok  qemu= -- 
PASS  vmsbf.m        0x0d0070d7+0x5300a457   gen=ok sail= ok  spike= ok  qemu= -- 
PASS  vmseq.vi       0x0d0070d7+0x63023457   gen=ok sail= ok  spike= ok  qemu= -- 
PASS  vmseq.vv       0x0d0070d7+0x630c0457   gen=ok sail= ok  spike= ok  qemu= -- 
PASS  vmseq.vx       0x0d0070d7+0x63014457   gen=ok sail= ok  spike= ok  qemu= -- 
FAIL  vmsgt.vi       0x0d0070d7+0x7f023457   gen=ok sail=FAIL spike=FAIL qemu= --    <- sail: FAILURE: 1 (0x00000001); spike: *** FAILED *** (tohost = 1)
PASS  vmsgt.vx       0x0d0070d7+0x7f014457   gen=ok sail= ok  spike= ok  qemu= -- 
PASS  vmsgtu.vi      0x0d0070d7+0x7b023457   gen=ok sail= ok  spike= ok  qemu= -- 
PASS  vmsgtu.vx      0x0d0070d7+0x7b014457   gen=ok sail= ok  spike= ok  qemu= -- 
PASS  vmsif.m        0x0d0070d7+0x5301a457   gen=ok sail= ok  spike= ok  qemu= -- 
PASS  vmsle.vi       0x0d0070d7+0x77023457   gen=ok sail= ok  spike= ok  qemu= -- 
PASS  vmsle.vv       0x0d0070d7+0x770c0457   gen=ok sail= ok  spike= ok  qemu= -- 
PASS  vmsle.vx       0x0d0070d7+0x77014457   gen=ok sail= ok  spike= ok  qemu= -- 
PASS  vmsleu.vi      0x0d0070d7+0x73023457   gen=ok sail= ok  spike= ok  qemu= -- 
PASS  vmsleu.vv      0x0d0070d7+0x730c0457   gen=ok sail= ok  spike= ok  qemu= -- 
PASS  vmsleu.vx      0x0d0070d7+0x73014457   gen=ok sail= ok  spike= ok  qemu= -- 
PASS  vmslt.vv       0x0d0070d7+0x6f0c0457   gen=ok sail= ok  spike= ok  qemu= -- 
PASS  vmslt.vx       0x0d0070d7+0x6f014457   gen=ok sail= ok  spike= ok  qemu= -- 
PASS  vmsltu.vv      0x0d0070d7+0x6b0c0457   gen=ok sail= ok  spike= ok  qemu= -- 
PASS  vmsltu.vx      0x0d0070d7+0x6b014457   gen=ok sail= ok  spike= ok  qemu= -- 
PASS  vmsne.vi       0x0d0070d7+0x67023457   gen=ok sail= ok  spike= ok  qemu= -- 
PASS  vmsne.vv       0x0d0070d7+0x670c0457   gen=ok sail= ok  spike= ok  qemu= -- 
PASS  vmsne.vx       0x0d0070d7+0x67014457   gen=ok sail= ok  spike= ok  qemu= -- 
PASS  vmsof.m        0x0d0070d7+0x53012457   gen=ok sail= ok  spike= ok  qemu= -- 
PASS  vmul.vv        0x0d0070d7+0x970c2457   gen=ok sail= ok  spike= ok  qemu= -- 
PASS  vmul.vx        0x0d0070d7+0x97016457   gen=ok sail= ok  spike= ok  qemu= -- 
PASS  vmulh.vv       0x0d0070d7+0x9f0c2457   gen=ok sail= ok  spike= ok  qemu= -- 
PASS  vmulh.vx       0x0d0070d7+0x9f016457   gen=ok sail= ok  spike= ok  qemu= -- 
PASS  vmulhsu.vv     0x0d0070d7+0x9b0c2457   gen=ok sail= ok  spike= ok  qemu= -- 
PASS  vmulhsu.vx     0x0d0070d7+0x9b016457   gen=ok sail= ok  spike= ok  qemu= -- 
PASS  vmulhu.vv      0x0d0070d7+0x930c2457   gen=ok sail= ok  spike= ok  qemu= -- 
PASS  vmulhu.vx      0x0d0070d7+0x93016457   gen=ok sail= ok  spike= ok  qemu= -- 
PASS  vmv.s.x        0x0d0070d7+0x42016457   gen=ok sail= ok  spike= ok  qemu= -- 
PASS  vmv.v.i        0x0d0070d7+0x5e023457   gen=ok sail= ok  spike= ok  qemu= -- 
PASS  vmv.v.v        0x0d0070d7+0x5e080457   gen=ok sail= ok  spike= ok  qemu= -- 
PASS  vmv.v.x        0x0d0070d7+0x5e014457   gen=ok sail= ok  spike= ok  qemu= -- 
PASS  vmv.x.s        0x0d0070d7+0x42802157   gen=ok sail= ok  spike= ok  qemu= -- 
PASS  vmv1r.v        0x0d0070d7+0x9f003457   gen=ok sail= ok  spike= ok  qemu= -- 
PASS  vmv2r.v        0x0d0070d7+0x9f00b457   gen=ok sail= ok  spike= ok  qemu= -- 
PASS  vmv4r.v        0x0d0070d7+0x9f01b457   gen=ok sail= ok  spike= ok  qemu= -- 
PASS  vmv8r.v        0x0d0070d7+0x9f03b457   gen=ok sail= ok  spike= ok  qemu= -- 
PASS  vmxnor.mm      0x0d0070d7+0x7f0c2457   gen=ok sail= ok  spike= ok  qemu= -- 
PASS  vmxor.mm       0x0d0070d7+0x6f0c2457   gen=ok sail= ok  spike= ok  qemu= -- 
PASS  vnclip.wi      0x0d0070d7+0xbf023457   gen=ok sail= ok  spike= ok  qemu= -- 
PASS  vnclip.wv      0x0d0070d7+0xbf0c0457   gen=ok sail= ok  spike= ok  qemu= -- 
PASS  vnclip.wx      0x0d0070d7+0xbf014457   gen=ok sail= ok  spike= ok  qemu= -- 
PASS  vnclipu.wi     0x0d0070d7+0xbb023457   gen=ok sail= ok  spike= ok  qemu= -- 
PASS  vnclipu.wv     0x0d0070d7+0xbb0c0457   gen=ok sail= ok  spike= ok  qemu= -- 
FAIL  vnclipu.wx     0x0d0070d7+0xbb014457   gen=ok sail=FAIL spike=FAIL qemu= --    <- sail: FAILURE: 1 (0x00000001); spike: *** FAILED *** (tohost = 1)
PASS  vnmsac.vv      0x0d0070d7+0xbf882457   gen=ok sail= ok  spike= ok  qemu= -- 
PASS  vnmsac.vx      0x0d0070d7+0xbf016457   gen=ok sail= ok  spike= ok  qemu= -- 
PASS  vnmsub.vv      0x0d0070d7+0xaf882457   gen=ok sail= ok  spike= ok  qemu= -- 
PASS  vnmsub.vx      0x0d0070d7+0xaf016457   gen=ok sail= ok  spike= ok  qemu= -- 
PASS  vnsra.wi       0x0d0070d7+0xb7023457   gen=ok sail= ok  spike= ok  qemu= -- 
PASS  vnsra.wv       0x0d0070d7+0xb70c0457   gen=ok sail= ok  spike= ok  qemu= -- 
PASS  vnsra.wx       0x0d0070d7+0xb7014457   gen=ok sail= ok  spike= ok  qemu= -- 
PASS  vnsrl.wi       0x0d0070d7+0xb3023457   gen=ok sail= ok  spike= ok  qemu= -- 
PASS  vnsrl.wv       0x0d0070d7+0xb30c0457   gen=ok sail= ok  spike= ok  qemu= -- 
PASS  vnsrl.wx       0x0d0070d7+0xb3014457   gen=ok sail= ok  spike= ok  qemu= -- 
PASS  vor.vi         0x0d0070d7+0x2b023457   gen=ok sail= ok  spike= ok  qemu= -- 
PASS  vor.vv         0x0d0070d7+0x2b0c0457   gen=ok sail= ok  spike= ok  qemu= -- 
PASS  vor.vx         0x0d0070d7+0x2b014457   gen=ok sail= ok  spike= ok  qemu= -- 
PASS  vredand.vs     0x0d0070d7+0x070c2457   gen=ok sail= ok  spike= ok  qemu= -- 
PASS  vredmax.vs     0x0d0070d7+0x1f0c2457   gen=ok sail= ok  spike= ok  qemu= -- 
PASS  vredmaxu.vs    0x0d0070d7+0x1b0c2457   gen=ok sail= ok  spike= ok  qemu= -- 
PASS  vredmin.vs     0x0d0070d7+0x170c2457   gen=ok sail= ok  spike= ok  qemu= -- 
PASS  vredminu.vs    0x0d0070d7+0x130c2457   gen=ok sail= ok  spike= ok  qemu= -- 
PASS  vredor.vs      0x0d0070d7+0x0b0c2457   gen=ok sail= ok  spike= ok  qemu= -- 
PASS  vredsum.vs     0x0d0070d7+0x030c2457   gen=ok sail= ok  spike= ok  qemu= -- 
PASS  vredxor.vs     0x0d0070d7+0x0f0c2457   gen=ok sail= ok  spike= ok  qemu= -- 
PASS  vrem.vv        0x0d0070d7+0x8f0c2457   gen=ok sail= ok  spike= ok  qemu= -- 
PASS  vrem.vx        0x0d0070d7+0x8f016457   gen=ok sail= ok  spike= ok  qemu= -- 
PASS  vremu.vv       0x0d0070d7+0x8b0c2457   gen=ok sail= ok  spike= ok  qemu= -- 
PASS  vremu.vx       0x0d0070d7+0x8b016457   gen=ok sail= ok  spike= ok  qemu= -- 
PASS  vrgather.vi    0x0d0070d7+0x33023457   gen=ok sail= ok  spike= ok  qemu= -- 
PASS  vrgather.vv    0x0d0070d7+0x330c0457   gen=ok sail= ok  spike= ok  qemu= -- 
FAIL  vrgather.vx    0x0d0070d7+0x33014457   gen=ok sail=FAIL spike=FAIL qemu= --    <- sail: FAILURE: 1 (0x00000001); spike: *** FAILED *** (tohost = 1)
PASS  vrgatherei16.vv 0x0d0070d7+0x3b0c0457   gen=ok sail= ok  spike= ok  qemu= -- 
PASS  vrsub.vi       0x0d0070d7+0x0f023457   gen=ok sail= ok  spike= ok  qemu= -- 
PASS  vrsub.vx       0x0d0070d7+0x0f014457   gen=ok sail= ok  spike= ok  qemu= -- 
PASS  vs1r.v         0x0d0070d7+0x80020137+0x02011113+0x02015113+0x02810427  gen=ok sail= ok  spike= ok  qemu= -- 
PASS  vs2r.v         0x0d0070d7+0x80020137+0x02011113+0x02015113+0x22810427  gen=ok sail= ok  spike= ok  qemu= -- 
PASS  vs4r.v         0x0d0070d7+0x80020137+0x02011113+0x02015113+0x62810427  gen=ok sail= ok  spike= ok  qemu= -- 
PASS  vs8r.v         0x0d0070d7+0x80020137+0x02011113+0x02015113+0xe2810427  gen=ok sail= ok  spike= ok  qemu= -- 
FAIL  vsadd.vi       0x0d0070d7+0x87023457   gen=ok sail=FAIL spike=FAIL qemu= --    <- sail: FAILURE: 1 (0x00000001); spike: *** FAILED *** (tohost = 1)
PASS  vsadd.vv       0x0d0070d7+0x870c0457   gen=ok sail= ok  spike= ok  qemu= -- 
PASS  vsadd.vx       0x0d0070d7+0x87014457   gen=ok sail= ok  spike= ok  qemu= -- 
PASS  vsaddu.vi      0x0d0070d7+0x83023457   gen=ok sail= ok  spike= ok  qemu= -- 
PASS  vsaddu.vv      0x0d0070d7+0x830c0457   gen=ok sail= ok  spike= ok  qemu= -- 
PASS  vsaddu.vx      0x0d0070d7+0x83014457   gen=ok sail= ok  spike= ok  qemu= -- 
PASS  vsbc.vvm       0x0d0070d7+0x490c0457   gen=ok sail= ok  spike= ok  qemu= -- 
PASS  vsbc.vxm       0x0d0070d7+0x49014457   gen=ok sail= ok  spike= ok  qemu= -- 
PASS  vse16.v        0x0c8070d7+0x80020137+0x02011113+0x02015113+0x02015427  gen=ok sail= ok  spike= ok  qemu= -- 
PASS  vse32.v        0x0d0070d7+0x80020137+0x02011113+0x02015113+0x02016427  gen=ok sail= ok  spike= ok  qemu= -- 
PASS  vse64.v        0x0d8070d7+0x80020137+0x02011113+0x02015113+0x02017427  gen=ok sail= ok  spike= ok  qemu= -- 
PASS  vse8.v         0x0c0070d7+0x80020137+0x02011113+0x02015113+0x02010427  gen=ok sail= ok  spike= ok  qemu= -- 
PASS  vsetivli       0xcc0270d7              gen=ok sail= ok  spike= ok  qemu= -- 
PASS  vsetvl         0x803170d7              gen=ok sail= ok  spike= ok  qemu= -- 
PASS  vsetvli        0x0c0170d7              gen=ok sail= ok  spike= ok  qemu= -- 
PASS  vsext.vf2      0x0d0070d7+0x4b03a457   gen=ok sail= ok  spike= ok  qemu= -- 
PASS  vsext.vf4      0x0d0070d7+0x4b02a457   gen=ok sail= ok  spike= ok  qemu= -- 
FAIL  vsext.vf8      0x0d8070d7+0x4b01a457   gen=ok sail=FAIL spike=FAIL qemu= --    <- sail: FAILURE: 1 (0x00000001); spike: *** FAILED *** (tohost = 1)
PASS  vslide1down.vx 0x0d0070d7+0x3f016457   gen=ok sail= ok  spike= ok  qemu= -- 
PASS  vslide1up.vx   0x0d0070d7+0x3b016457   gen=ok sail= ok  spike= ok  qemu= -- 
PASS  vslidedown.vi  0x0d0070d7+0x3f023457   gen=ok sail= ok  spike= ok  qemu= -- 
PASS  vslidedown.vx  0x0d0070d7+0x3f014457   gen=ok sail= ok  spike= ok  qemu= -- 
PASS  vslideup.vi    0x0d0070d7+0x3b023457   gen=ok sail= ok  spike= ok  qemu= -- 
PASS  vslideup.vx    0x0d0070d7+0x3b014457   gen=ok sail= ok  spike= ok  qemu= -- 
PASS  vsll.vi        0x0d0070d7+0x97023457   gen=ok sail= ok  spike= ok  qemu= -- 
PASS  vsll.vv        0x0d0070d7+0x970c0457   gen=ok sail= ok  spike= ok  qemu= -- 
PASS  vsll.vx        0x0d0070d7+0x97014457   gen=ok sail= ok  spike= ok  qemu= -- 
PASS  vsm.v          0x0d0070d7+0x80020137+0x02011113+0x02015113+0x02b10427  gen=ok sail= ok  spike= ok  qemu= -- 
PASS  vsmul.vv       0x0d0070d7+0x9f0c0457   gen=ok sail= ok  spike= ok  qemu= -- 
PASS  vsmul.vx       0x0d0070d7+0x9f014457   gen=ok sail= ok  spike= ok  qemu= -- 
PASS  vsoxei16.v     0x0d0070d7+0x80020137+0x02011113+0x02015113+0x0f015427  gen=ok sail= ok  spike= ok  qemu= -- 
PASS  vsoxei32.v     0x0d0070d7+0x80020137+0x02011113+0x02015113+0x0f016427  gen=ok sail= ok  spike= ok  qemu= -- 
PASS  vsoxei64.v     0x0d0070d7+0x80020137+0x02011113+0x02015113+0x0f017427  gen=ok sail= ok  spike= ok  qemu= -- 
PASS  vsoxei8.v      0x0d0070d7+0x80020137+0x02011113+0x02015113+0x0f010427  gen=ok sail= ok  spike= ok  qemu= -- 
PASS  vsoxseg2ei16.v 0x0d0070d7+0x80020137+0x02011113+0x02015113+0x2f015427  gen=ok sail= ok  spike= ok  qemu= -- 
PASS  vsoxseg2ei32.v 0x0d0070d7+0x80020137+0x02011113+0x02015113+0x2f016427  gen=ok sail= ok  spike= ok  qemu= -- 
PASS  vsoxseg2ei64.v 0x0d0070d7+0x80020137+0x02011113+0x02015113+0x2f017427  gen=ok sail= ok  spike= ok  qemu= -- 
PASS  vsoxseg2ei8.v  0x0d0070d7+0x80020137+0x02011113+0x02015113+0x2f010427  gen=ok sail= ok  spike= ok  qemu= -- 
PASS  vsoxseg3ei16.v 0x0d0070d7+0x80020137+0x02011113+0x02015113+0x4f015427  gen=ok sail= ok  spike= ok  qemu= -- 
PASS  vsoxseg3ei32.v 0x0d0070d7+0x80020137+0x02011113+0x02015113+0x4f016427  gen=ok sail= ok  spike= ok  qemu= -- 
PASS  vsoxseg3ei64.v 0x0d0070d7+0x80020137+0x02011113+0x02015113+0x4f017427  gen=ok sail= ok  spike= ok  qemu= -- 
PASS  vsoxseg3ei8.v  0x0d0070d7+0x80020137+0x02011113+0x02015113+0x4f010427  gen=ok sail= ok  spike= ok  qemu= -- 
PASS  vsoxseg4ei16.v 0x0d0070d7+0x80020137+0x02011113+0x02015113+0x6f015427  gen=ok sail= ok  spike= ok  qemu= -- 
PASS  vsoxseg4ei32.v 0x0d0070d7+0x80020137+0x02011113+0x02015113+0x6f016427  gen=ok sail= ok  spike= ok  qemu= -- 
PASS  vsoxseg4ei64.v 0x0d0070d7+0x80020137+0x02011113+0x02015113+0x6f017427  gen=ok sail= ok  spike= ok  qemu= -- 
PASS  vsoxseg4ei8.v  0x0d0070d7+0x80020137+0x02011113+0x02015113+0x6f010427  gen=ok sail= ok  spike= ok  qemu= -- 
PASS  vsoxseg5ei16.v 0x0d0070d7+0x80020137+0x02011113+0x02015113+0x8f015427  gen=ok sail= ok  spike= ok  qemu= -- 
PASS  vsoxseg5ei32.v 0x0d0070d7+0x80020137+0x02011113+0x02015113+0x8f016427  gen=ok sail= ok  spike= ok  qemu= -- 
PASS  vsoxseg5ei64.v 0x0d0070d7+0x80020137+0x02011113+0x02015113+0x8f017427  gen=ok sail= ok  spike= ok  qemu= -- 
PASS  vsoxseg5ei8.v  0x0d0070d7+0x80020137+0x02011113+0x02015113+0x8f010427  gen=ok sail= ok  spike= ok  qemu= -- 
PASS  vsoxseg6ei16.v 0x0d0070d7+0x80020137+0x02011113+0x02015113+0xaf015427  gen=ok sail= ok  spike= ok  qemu= -- 
PASS  vsoxseg6ei32.v 0x0d0070d7+0x80020137+0x02011113+0x02015113+0xaf016427  gen=ok sail= ok  spike= ok  qemu= -- 
PASS  vsoxseg6ei64.v 0x0d0070d7+0x80020137+0x02011113+0x02015113+0xaf017427  gen=ok sail= ok  spike= ok  qemu= -- 
PASS  vsoxseg6ei8.v  0x0d0070d7+0x80020137+0x02011113+0x02015113+0xaf010427  gen=ok sail= ok  spike= ok  qemu= -- 
PASS  vsoxseg7ei16.v 0x0d0070d7+0x80020137+0x02011113+0x02015113+0xcf015427  gen=ok sail= ok  spike= ok  qemu= -- 
PASS  vsoxseg7ei32.v 0x0d0070d7+0x80020137+0x02011113+0x02015113+0xcf016427  gen=ok sail= ok  spike= ok  qemu= -- 
FAIL  vsoxseg7ei64.v 0x0d0070d7+0x80020137+0x02011113+0x02015113+0xcf017427  gen=ok sail=FAIL spike=FAIL qemu= --    <- sail: FAILURE: 1 (0x00000001); spike: *** FAILED *** (tohost = 1)
PASS  vsoxseg7ei8.v  0x0d0070d7+0x80020137+0x02011113+0x02015113+0xcf010427  gen=ok sail= ok  spike= ok  qemu= -- 
PASS  vsoxseg8ei16.v 0x0d0070d7+0x80020137+0x02011113+0x02015113+0xef015427  gen=ok sail= ok  spike= ok  qemu= -- 
PASS  vsoxseg8ei32.v 0x0d0070d7+0x80020137+0x02011113+0x02015113+0xef016427  gen=ok sail= ok  spike= ok  qemu= -- 
PASS  vsoxseg8ei64.v 0x0d0070d7+0x80020137+0x02011113+0x02015113+0xef017427  gen=ok sail= ok  spike= ok  qemu= -- 
PASS  vsoxseg8ei8.v  0x0d0070d7+0x80020137+0x02011113+0x02015113+0xef010427  gen=ok sail= ok  spike= ok  qemu= -- 
PASS  vsra.vi        0x0d0070d7+0xa7023457   gen=ok sail= ok  spike= ok  qemu= -- 
PASS  vsra.vv        0x0d0070d7+0xa70c0457   gen=ok sail= ok  spike= ok  qemu= -- 
PASS  vsra.vx        0x0d0070d7+0xa7014457   gen=ok sail= ok  spike= ok  qemu= -- 
PASS  vsrl.vi        0x0d0070d7+0xa3023457   gen=ok sail= ok  spike= ok  qemu= -- 
PASS  vsrl.vv        0x0d0070d7+0xa30c0457   gen=ok sail= ok  spike= ok  qemu= -- 
PASS  vsrl.vx        0x0d0070d7+0xa3014457   gen=ok sail= ok  spike= ok  qemu= -- 
PASS  vsse16.v       0x0c8070d7+0x80020137+0x02011113+0x02015113+0x00800193+0x0a315427  gen=ok sail= ok  spike= ok  qemu= -- 
PASS  vsse32.v       0x0d0070d7+0x80020137+0x02011113+0x02015113+0x00800193+0x0a316427  gen=ok sail= ok  spike= ok  qemu= -- 
PASS  vsse64.v       0x0d8070d7+0x80020137+0x02011113+0x02015113+0x00800193+0x0a317427  gen=ok sail= ok  spike= ok  qemu= -- 
PASS  vsse8.v        0x0c0070d7+0x80020137+0x02011113+0x02015113+0x00800193+0x0a310427  gen=ok sail= ok  spike= ok  qemu= -- 
PASS  vsseg2e16.v    0x0c8070d7+0x80020137+0x02011113+0x02015113+0x22015427  gen=ok sail= ok  spike= ok  qemu= -- 
PASS  vsseg2e32.v    0x0d0070d7+0x80020137+0x02011113+0x02015113+0x22016427  gen=ok sail= ok  spike= ok  qemu= -- 
PASS  vsseg2e64.v    0x0d8070d7+0x80020137+0x02011113+0x02015113+0x22017427  gen=ok sail= ok  spike= ok  qemu= -- 
PASS  vsseg2e8.v     0x0c0070d7+0x80020137+0x02011113+0x02015113+0x22010427  gen=ok sail= ok  spike= ok  qemu= -- 
PASS  vsseg3e16.v    0x0c8070d7+0x80020137+0x02011113+0x02015113+0x42015427  gen=ok sail= ok  spike= ok  qemu= -- 
PASS  vsseg3e32.v    0x0d0070d7+0x80020137+0x02011113+0x02015113+0x42016427  gen=ok sail= ok  spike= ok  qemu= -- 
PASS  vsseg3e64.v    0x0d8070d7+0x80020137+0x02011113+0x02015113+0x42017427  gen=ok sail= ok  spike= ok  qemu= -- 
PASS  vsseg3e8.v     0x0c0070d7+0x80020137+0x02011113+0x02015113+0x42010427  gen=ok sail= ok  spike= ok  qemu= -- 
PASS  vsseg4e16.v    0x0c8070d7+0x80020137+0x02011113+0x02015113+0x62015427  gen=ok sail= ok  spike= ok  qemu= -- 
PASS  vsseg4e32.v    0x0d0070d7+0x80020137+0x02011113+0x02015113+0x62016427  gen=ok sail= ok  spike= ok  qemu= -- 
PASS  vsseg4e64.v    0x0d8070d7+0x80020137+0x02011113+0x02015113+0x62017427  gen=ok sail= ok  spike= ok  qemu= -- 
PASS  vsseg4e8.v     0x0c0070d7+0x80020137+0x02011113+0x02015113+0x62010427  gen=ok sail= ok  spike= ok  qemu= -- 
PASS  vsseg5e16.v    0x0c8070d7+0x80020137+0x02011113+0x02015113+0x82015427  gen=ok sail= ok  spike= ok  qemu= -- 
PASS  vsseg5e32.v    0x0d0070d7+0x80020137+0x02011113+0x02015113+0x82016427  gen=ok sail= ok  spike= ok  qemu= -- 
PASS  vsseg5e64.v    0x0d8070d7+0x80020137+0x02011113+0x02015113+0x82017427  gen=ok sail= ok  spike= ok  qemu= -- 
PASS  vsseg5e8.v     0x0c0070d7+0x80020137+0x02011113+0x02015113+0x82010427  gen=ok sail= ok  spike= ok  qemu= -- 
FAIL  vsseg6e16.v    0x0c8070d7+0x80020137+0x02011113+0x02015113+0xa2015427  gen=ok sail=FAIL spike=FAIL qemu= --    <- sail: FAILURE: 1 (0x00000001); spike: *** FAILED *** (tohost = 1)
PASS  vsseg6e32.v    0x0d0070d7+0x80020137+0x02011113+0x02015113+0xa2016427  gen=ok sail= ok  spike= ok  qemu= -- 
PASS  vsseg6e64.v    0x0d8070d7+0x80020137+0x02011113+0x02015113+0xa2017427  gen=ok sail= ok  spike= ok  qemu= -- 
PASS  vsseg6e8.v     0x0c0070d7+0x80020137+0x02011113+0x02015113+0xa2010427  gen=ok sail= ok  spike= ok  qemu= -- 
PASS  vsseg7e16.v    0x0c8070d7+0x80020137+0x02011113+0x02015113+0xc2015427  gen=ok sail= ok  spike= ok  qemu= -- 
PASS  vsseg7e32.v    0x0d0070d7+0x80020137+0x02011113+0x02015113+0xc2016427  gen=ok sail= ok  spike= ok  qemu= -- 
PASS  vsseg7e64.v    0x0d8070d7+0x80020137+0x02011113+0x02015113+0xc2017427  gen=ok sail= ok  spike= ok  qemu= -- 
PASS  vsseg7e8.v     0x0c0070d7+0x80020137+0x02011113+0x02015113+0xc2010427  gen=ok sail= ok  spike= ok  qemu= -- 
PASS  vsseg8e16.v    0x0c8070d7+0x80020137+0x02011113+0x02015113+0xe2015427  gen=ok sail= ok  spike= ok  qemu= -- 
PASS  vsseg8e32.v    0x0d0070d7+0x80020137+0x02011113+0x02015113+0xe2016427  gen=ok sail= ok  spike= ok  qemu= -- 
PASS  vsseg8e64.v    0x0d8070d7+0x80020137+0x02011113+0x02015113+0xe2017427  gen=ok sail= ok  spike= ok  qemu= -- 
PASS  vsseg8e8.v     0x0c0070d7+0x80020137+0x02011113+0x02015113+0xe2010427  gen=ok sail= ok  spike= ok  qemu= -- 
PASS  vssra.vi       0x0d0070d7+0xaf023457   gen=ok sail= ok  spike= ok  qemu= -- 
PASS  vssra.vv       0x0d0070d7+0xaf0c0457   gen=ok sail= ok  spike= ok  qemu= -- 
PASS  vssra.vx       0x0d0070d7+0xaf014457   gen=ok sail= ok  spike= ok  qemu= -- 
PASS  vssrl.vi       0x0d0070d7+0xab023457   gen=ok sail= ok  spike= ok  qemu= -- 
PASS  vssrl.vv       0x0d0070d7+0xab0c0457   gen=ok sail= ok  spike= ok  qemu= -- 
PASS  vssrl.vx       0x0d0070d7+0xab014457   gen=ok sail= ok  spike= ok  qemu= -- 
PASS  vssseg2e16.v   0x0c8070d7+0x80020137+0x02011113+0x02015113+0x00800193+0x2a315427  gen=ok sail= ok  spike= ok  qemu= -- 
PASS  vssseg2e32.v   0x0d0070d7+0x80020137+0x02011113+0x02015113+0x00800193+0x2a316427  gen=ok sail= ok  spike= ok  qemu= -- 
PASS  vssseg2e64.v   0x0d8070d7+0x80020137+0x02011113+0x02015113+0x00800193+0x2a317427  gen=ok sail= ok  spike= ok  qemu= -- 
PASS  vssseg2e8.v    0x0c0070d7+0x80020137+0x02011113+0x02015113+0x00800193+0x2a310427  gen=ok sail= ok  spike= ok  qemu= -- 
PASS  vssseg3e16.v   0x0c8070d7+0x80020137+0x02011113+0x02015113+0x00800193+0x4a315427  gen=ok sail= ok  spike= ok  qemu= -- 
PASS  vssseg3e32.v   0x0d0070d7+0x80020137+0x02011113+0x02015113+0x00800193+0x4a316427  gen=ok sail= ok  spike= ok  qemu= -- 
PASS  vssseg3e64.v   0x0d8070d7+0x80020137+0x02011113+0x02015113+0x00800193+0x4a317427  gen=ok sail= ok  spike= ok  qemu= -- 
PASS  vssseg3e8.v    0x0c0070d7+0x80020137+0x02011113+0x02015113+0x00800193+0x4a310427  gen=ok sail= ok  spike= ok  qemu= -- 
PASS  vssseg4e16.v   0x0c8070d7+0x80020137+0x02011113+0x02015113+0x00800193+0x6a315427  gen=ok sail= ok  spike= ok  qemu= -- 
PASS  vssseg4e32.v   0x0d0070d7+0x80020137+0x02011113+0x02015113+0x00800193+0x6a316427  gen=ok sail= ok  spike= ok  qemu= -- 
PASS  vssseg4e64.v   0x0d8070d7+0x80020137+0x02011113+0x02015113+0x00800193+0x6a317427  gen=ok sail= ok  spike= ok  qemu= -- 
PASS  vssseg4e8.v    0x0c0070d7+0x80020137+0x02011113+0x02015113+0x00800193+0x6a310427  gen=ok sail= ok  spike= ok  qemu= -- 
PASS  vssseg5e16.v   0x0c8070d7+0x80020137+0x02011113+0x02015113+0x00800193+0x8a315427  gen=ok sail= ok  spike= ok  qemu= -- 
PASS  vssseg5e32.v   0x0d0070d7+0x80020137+0x02011113+0x02015113+0x00800193+0x8a316427  gen=ok sail= ok  spike= ok  qemu= -- 
PASS  vssseg5e64.v   0x0d8070d7+0x80020137+0x02011113+0x02015113+0x00800193+0x8a317427  gen=ok sail= ok  spike= ok  qemu= -- 
PASS  vssseg5e8.v    0x0c0070d7+0x80020137+0x02011113+0x02015113+0x00800193+0x8a310427  gen=ok sail= ok  spike= ok  qemu= -- 
FAIL  vssseg6e16.v   0x0c8070d7+0x80020137+0x02011113+0x02015113+0x00800193+0xaa315427  gen=ok sail=FAIL spike=FAIL qemu= --    <- sail: FAILURE: 1 (0x00000001); spike: *** FAILED *** (tohost = 1)
PASS  vssseg6e32.v   0x0d0070d7+0x80020137+0x02011113+0x02015113+0x00800193+0xaa316427  gen=ok sail= ok  spike= ok  qemu= -- 
PASS  vssseg6e64.v   0x0d8070d7+0x80020137+0x02011113+0x02015113+0x00800193+0xaa317427  gen=ok sail= ok  spike= ok  qemu= -- 
PASS  vssseg6e8.v    0x0c0070d7+0x80020137+0x02011113+0x02015113+0x00800193+0xaa310427  gen=ok sail= ok  spike= ok  qemu= -- 
PASS  vssseg7e16.v   0x0c8070d7+0x80020137+0x02011113+0x02015113+0x00800193+0xca315427  gen=ok sail= ok  spike= ok  qemu= -- 
PASS  vssseg7e32.v   0x0d0070d7+0x80020137+0x02011113+0x02015113+0x00800193+0xca316427  gen=ok sail= ok  spike= ok  qemu= -- 
PASS  vssseg7e64.v   0x0d8070d7+0x80020137+0x02011113+0x02015113+0x00800193+0xca317427  gen=ok sail= ok  spike= ok  qemu= -- 
PASS  vssseg7e8.v    0x0c0070d7+0x80020137+0x02011113+0x02015113+0x00800193+0xca310427  gen=ok sail= ok  spike= ok  qemu= -- 
PASS  vssseg8e16.v   0x0c8070d7+0x80020137+0x02011113+0x02015113+0x00800193+0xea315427  gen=ok sail= ok  spike= ok  qemu= -- 
PASS  vssseg8e32.v   0x0d0070d7+0x80020137+0x02011113+0x02015113+0x00800193+0xea316427  gen=ok sail= ok  spike= ok  qemu= -- 
PASS  vssseg8e64.v   0x0d8070d7+0x80020137+0x02011113+0x02015113+0x00800193+0xea317427  gen=ok sail= ok  spike= ok  qemu= -- 
PASS  vssseg8e8.v    0x0c0070d7+0x80020137+0x02011113+0x02015113+0x00800193+0xea310427  gen=ok sail= ok  spike= ok  qemu= -- 
PASS  vssub.vv       0x0d0070d7+0x8f0c0457   gen=ok sail= ok  spike= ok  qemu= -- 
PASS  vssub.vx       0x0d0070d7+0x8f014457   gen=ok sail= ok  spike= ok  qemu= -- 
PASS  vssubu.vv      0x0d0070d7+0x8b0c0457   gen=ok sail= ok  spike= ok  qemu= -- 
PASS  vssubu.vx      0x0d0070d7+0x8b014457   gen=ok sail= ok  spike= ok  qemu= -- 
PASS  vsub.vv        0x0d0070d7+0x0b0c0457   gen=ok sail= ok  spike= ok  qemu= -- 
PASS  vsub.vx        0x0d0070d7+0x0b014457   gen=ok sail= ok  spike= ok  qemu= -- 
PASS  vsuxei16.v     0x0d0070d7+0x80020137+0x02011113+0x02015113+0x07015427  gen=ok sail= ok  spike= ok  qemu= -- 
PASS  vsuxei32.v     0x0d0070d7+0x80020137+0x02011113+0x02015113+0x07016427  gen=ok sail= ok  spike= ok  qemu= -- 
PASS  vsuxei64.v     0x0d0070d7+0x80020137+0x02011113+0x02015113+0x07017427  gen=ok sail= ok  spike= ok  qemu= -- 
PASS  vsuxei8.v      0x0d0070d7+0x80020137+0x02011113+0x02015113+0x07010427  gen=ok sail= ok  spike= ok  qemu= -- 
PASS  vsuxseg2ei16.v 0x0d0070d7+0x80020137+0x02011113+0x02015113+0x27015427  gen=ok sail= ok  spike= ok  qemu= -- 
PASS  vsuxseg2ei32.v 0x0d0070d7+0x80020137+0x02011113+0x02015113+0x27016427  gen=ok sail= ok  spike= ok  qemu= -- 
PASS  vsuxseg2ei64.v 0x0d0070d7+0x80020137+0x02011113+0x02015113+0x27017427  gen=ok sail= ok  spike= ok  qemu= -- 
PASS  vsuxseg2ei8.v  0x0d0070d7+0x80020137+0x02011113+0x02015113+0x27010427  gen=ok sail= ok  spike= ok  qemu= -- 
PASS  vsuxseg3ei16.v 0x0d0070d7+0x80020137+0x02011113+0x02015113+0x47015427  gen=ok sail= ok  spike= ok  qemu= -- 
PASS  vsuxseg3ei32.v 0x0d0070d7+0x80020137+0x02011113+0x02015113+0x47016427  gen=ok sail= ok  spike= ok  qemu= -- 
PASS  vsuxseg3ei64.v 0x0d0070d7+0x80020137+0x02011113+0x02015113+0x47017427  gen=ok sail= ok  spike= ok  qemu= -- 
PASS  vsuxseg3ei8.v  0x0d0070d7+0x80020137+0x02011113+0x02015113+0x47010427  gen=ok sail= ok  spike= ok  qemu= -- 
PASS  vsuxseg4ei16.v 0x0d0070d7+0x80020137+0x02011113+0x02015113+0x67015427  gen=ok sail= ok  spike= ok  qemu= -- 
PASS  vsuxseg4ei32.v 0x0d0070d7+0x80020137+0x02011113+0x02015113+0x67016427  gen=ok sail= ok  spike= ok  qemu= -- 
PASS  vsuxseg4ei64.v 0x0d0070d7+0x80020137+0x02011113+0x02015113+0x67017427  gen=ok sail= ok  spike= ok  qemu= -- 
PASS  vsuxseg4ei8.v  0x0d0070d7+0x80020137+0x02011113+0x02015113+0x67010427  gen=ok sail= ok  spike= ok  qemu= -- 
PASS  vsuxseg5ei16.v 0x0d0070d7+0x80020137+0x02011113+0x02015113+0x87015427  gen=ok sail= ok  spike= ok  qemu= -- 
PASS  vsuxseg5ei32.v 0x0d0070d7+0x80020137+0x02011113+0x02015113+0x87016427  gen=ok sail= ok  spike= ok  qemu= -- 
PASS  vsuxseg5ei64.v 0x0d0070d7+0x80020137+0x02011113+0x02015113+0x87017427  gen=ok sail= ok  spike= ok  qemu= -- 
PASS  vsuxseg5ei8.v  0x0d0070d7+0x80020137+0x02011113+0x02015113+0x87010427  gen=ok sail= ok  spike= ok  qemu= -- 
PASS  vsuxseg6ei16.v 0x0d0070d7+0x80020137+0x02011113+0x02015113+0xa7015427  gen=ok sail= ok  spike= ok  qemu= -- 
PASS  vsuxseg6ei32.v 0x0d0070d7+0x80020137+0x02011113+0x02015113+0xa7016427  gen=ok sail= ok  spike= ok  qemu= -- 
PASS  vsuxseg6ei64.v 0x0d0070d7+0x80020137+0x02011113+0x02015113+0xa7017427  gen=ok sail= ok  spike= ok  qemu= -- 
PASS  vsuxseg6ei8.v  0x0d0070d7+0x80020137+0x02011113+0x02015113+0xa7010427  gen=ok sail= ok  spike= ok  qemu= -- 
PASS  vsuxseg7ei16.v 0x0d0070d7+0x80020137+0x02011113+0x02015113+0xc7015427  gen=ok sail= ok  spike= ok  qemu= -- 
PASS  vsuxseg7ei32.v 0x0d0070d7+0x80020137+0x02011113+0x02015113+0xc7016427  gen=ok sail= ok  spike= ok  qemu= -- 
PASS  vsuxseg7ei64.v 0x0d0070d7+0x80020137+0x02011113+0x02015113+0xc7017427  gen=ok sail= ok  spike= ok  qemu= -- 
PASS  vsuxseg7ei8.v  0x0d0070d7+0x80020137+0x02011113+0x02015113+0xc7010427  gen=ok sail= ok  spike= ok  qemu= -- 
PASS  vsuxseg8ei16.v 0x0d0070d7+0x80020137+0x02011113+0x02015113+0xe7015427  gen=ok sail= ok  spike= ok  qemu= -- 
PASS  vsuxseg8ei32.v 0x0d0070d7+0x80020137+0x02011113+0x02015113+0xe7016427  gen=ok sail= ok  spike= ok  qemu= -- 
FAIL  vsuxseg8ei64.v 0x0d0070d7+0x80020137+0x02011113+0x02015113+0xe7017427  gen=ok sail=FAIL spike=FAIL qemu= --    <- sail: FAILURE: 1 (0x00000001); spike: *** FAILED *** (tohost = 1)
PASS  vsuxseg8ei8.v  0x0d0070d7+0x80020137+0x02011113+0x02015113+0xe7010427  gen=ok sail= ok  spike= ok  qemu= -- 
PASS  vwadd.vv       0x0d0070d7+0xc70c2457   gen=ok sail= ok  spike= ok  qemu= -- 
PASS  vwadd.vx       0x0d0070d7+0xc7016457   gen=ok sail= ok  spike= ok  qemu= -- 
PASS  vwadd.wv       0x0d0070d7+0xd70c2457   gen=ok sail= ok  spike= ok  qemu= -- 
PASS  vwadd.wx       0x0d0070d7+0xd7016457   gen=ok sail= ok  spike= ok  qemu= -- 
PASS  vwaddu.vv      0x0d0070d7+0xc30c2457   gen=ok sail= ok  spike= ok  qemu= -- 
PASS  vwaddu.vx      0x0d0070d7+0xc3016457   gen=ok sail= ok  spike= ok  qemu= -- 
PASS  vwaddu.wv      0x0d0070d7+0xd30c2457   gen=ok sail= ok  spike= ok  qemu= -- 
PASS  vwaddu.wx      0x0d0070d7+0xd3016457   gen=ok sail= ok  spike= ok  qemu= -- 
PASS  vwmacc.vv      0x0d0070d7+0xf7882457   gen=ok sail= ok  spike= ok  qemu= -- 
PASS  vwmacc.vx      0x0d0070d7+0xf7016457   gen=ok sail= ok  spike= ok  qemu= -- 
PASS  vwmaccsu.vv    0x0d0070d7+0xff882457   gen=ok sail= ok  spike= ok  qemu= -- 
PASS  vwmaccsu.vx    0x0d0070d7+0xff016457   gen=ok sail= ok  spike= ok  qemu= -- 
PASS  vwmaccu.vv     0x0d0070d7+0xf3882457   gen=ok sail= ok  spike= ok  qemu= -- 
PASS  vwmaccu.vx     0x0d0070d7+0xf3016457   gen=ok sail= ok  spike= ok  qemu= -- 
PASS  vwmaccus.vx    0x0d0070d7+0xfb016457   gen=ok sail= ok  spike= ok  qemu= -- 
PASS  vwmul.vv       0x0d0070d7+0xef0c2457   gen=ok sail= ok  spike= ok  qemu= -- 
FAIL  vwmul.vx       0x0d0070d7+0xef016457   gen=ok sail=FAIL spike=FAIL qemu= --    <- sail: FAILURE: 1 (0x00000001); spike: *** FAILED *** (tohost = 1)
PASS  vwmulsu.vv     0x0d0070d7+0xeb0c2457   gen=ok sail= ok  spike= ok  qemu= -- 
PASS  vwmulsu.vx     0x0d0070d7+0xeb016457   gen=ok sail= ok  spike= ok  qemu= -- 
PASS  vwmulu.vv      0x0d0070d7+0xe30c2457   gen=ok sail= ok  spike= ok  qemu= -- 
PASS  vwmulu.vx      0x0d0070d7+0xe3016457   gen=ok sail= ok  spike= ok  qemu= -- 
PASS  vwredsum.vs    0x0d0070d7+0xc70c0457   gen=ok sail= ok  spike= ok  qemu= -- 
PASS  vwredsumu.vs   0x0d0070d7+0xc30c0457   gen=ok sail= ok  spike= ok  qemu= -- 
PASS  vwsub.vv       0x0d0070d7+0xcf0c2457   gen=ok sail= ok  spike= ok  qemu= -- 
PASS  vwsub.vx       0x0d0070d7+0xcf016457   gen=ok sail= ok  spike= ok  qemu= -- 
PASS  vwsub.wv       0x0d0070d7+0xdf0c2457   gen=ok sail= ok  spike= ok  qemu= -- 
PASS  vwsub.wx       0x0d0070d7+0xdf016457   gen=ok sail= ok  spike= ok  qemu= -- 
PASS  vwsubu.vv      0x0d0070d7+0xcb0c2457   gen=ok sail= ok  spike= ok  qemu= -- 
PASS  vwsubu.vx      0x0d0070d7+0xcb016457   gen=ok sail= ok  spike= ok  qemu= -- 
FAIL  vwsubu.wv      0x0d0070d7+0xdb0c2457   gen=ok sail=FAIL spike=FAIL qemu= --    <- sail: FAILURE: 1 (0x00000001); spike: *** FAILED *** (tohost = 1)
PASS  vwsubu.wx      0x0d0070d7+0xdb016457   gen=ok sail= ok  spike= ok  qemu= -- 
PASS  vxor.vi        0x0d0070d7+0x2f023457   gen=ok sail= ok  spike= ok  qemu= -- 
PASS  vxor.vv        0x0d0070d7+0x2f0c0457   gen=ok sail= ok  spike= ok  qemu= -- 
PASS  vxor.vx        0x0d0070d7+0x2f014457   gen=ok sail= ok  spike= ok  qemu= -- 
FAIL  vzext.vf2      0x0d0070d7+0x4b032457   gen=ok sail=FAIL spike=FAIL qemu= --    <- sail: FAILURE: 1 (0x00000001); spike: *** FAILED *** (tohost = 1)
FAIL  vzext.vf4      0x0d0070d7+0x4b022457   gen=ok sail=FAIL spike=FAIL qemu= --    <- sail: FAILURE: 1 (0x00000001); spike: *** FAILED *** (tohost = 1)
PASS  vzext.vf8      0x0d8070d7+0x4b012457   gen=ok sail= ok  spike= ok  qemu= -- 

604/627 instructions: parsed from the model, generated, and passing on every available simulator (ok/FAIL/-- = pass/fail/not run)
  sail   604 pass, 23 fail, 0 not installed
  spike  604 pass, 23 fail, 0 not installed
  qemu   0 pass, 0 fail, 627 not installed

========================================================================
== vector_crypto RV32  (M7)
========================================================================
# extension=vector_crypto march_ext=v_zvbb_zvbc_zvkg_zvkned_zvknhb_zvksed_zvksh_zicsr out_dir=/tmp/sweep-final/vector_crypto
PASS  vaesdf.vs      0x0d1070d7+0xa700a477   gen=ok sail= ok  spike= ok  qemu= -- 
PASS  vaesdf.vv      0x0d1070d7+0xa300a477   gen=ok sail= ok  spike= ok  qemu= -- 
FAIL  vaesdm.vs      0x0d1070d7+0xa7002477   gen=ok sail=FAIL spike=FAIL qemu= --    <- sail: FAILURE: 1 (0x00000001); spike: *** FAILED *** (tohost = 1)
PASS  vaesdm.vv      0x0d1070d7+0xa3002477   gen=ok sail= ok  spike= ok  qemu= -- 
PASS  vaesef.vs      0x0d1070d7+0xa701a477   gen=ok sail= ok  spike= ok  qemu= -- 
PASS  vaesef.vv      0x0d1070d7+0xa301a477   gen=ok sail= ok  spike= ok  qemu= -- 
PASS  vaesem.vs      0x0d1070d7+0xa7012477   gen=ok sail= ok  spike= ok  qemu= -- 
PASS  vaesem.vv      0x0d1070d7+0xa3012477   gen=ok sail= ok  spike= ok  qemu= -- 
PASS  vaeskf1.vi     0x0d1070d7+0x8b022477   gen=ok sail= ok  spike= ok  qemu= -- 
PASS  vaeskf2.vi     0x0d1070d7+0xab022477   gen=ok sail= ok  spike= ok  qemu= -- 
PASS  vaesz.vs       0x0d1070d7+0xa703a477   gen=ok sail= ok  spike= ok  qemu= -- 
PASS  vandn.vv       0x0d0070d7+0x070c0457   gen=ok sail= ok  spike= ok  qemu= -- 
PASS  vandn.vx       0x0d0070d7+0x07014457   gen=ok sail= ok  spike= ok  qemu= -- 
PASS  vbrev.v        0x0d0070d7+0x4b052457   gen=ok sail= ok  spike= ok  qemu= -- 
PASS  vbrev8.v       0x0d0070d7+0x4b042457   gen=ok sail= ok  spike= ok  qemu= -- 
PASS  vclmul.vv      0x0d8070d7+0x330c2457   gen=ok sail= ok  spike= ok  qemu= -- 
PASS  vclmul.vx      0x0d8070d7+0x33016457   gen=ok sail= ok  spike= ok  qemu= -- 
PASS  vclmulh.vv     0x0d8070d7+0x370c2457   gen=ok sail= ok  spike= ok  qemu= -- 
PASS  vclmulh.vx     0x0d8070d7+0x37016457   gen=ok sail= ok  spike= ok  qemu= -- 
PASS  vclz.v         0x0d0070d7+0x4b062457   gen=ok sail= ok  spike= ok  qemu= -- 
PASS  vcpop.v        0x0d0070d7+0x4b072457   gen=ok sail= ok  spike= ok  qemu= -- 
PASS  vctz.v         0x0d0070d7+0x4b06a457   gen=ok sail= ok  spike= ok  qemu= -- 
PASS  vghsh.vv       0x0d1070d7+0xb30c2477   gen=ok sail= ok  spike= ok  qemu= -- 
PASS  vgmul.vv       0x0d1070d7+0xa308a477   gen=ok sail= ok  spike= ok  qemu= -- 
PASS  vrev8.v        0x0d0070d7+0x4b04a457   gen=ok sail= ok  spike= ok  qemu= -- 
PASS  vrol.vv        0x0d0070d7+0x570c0457   gen=ok sail= ok  spike= ok  qemu= -- 
PASS  vrol.vx        0x0d0070d7+0x57014457   gen=ok sail= ok  spike= ok  qemu= -- 
FAIL  vror.vi        0x0d0070d7+0x53023457   gen=ok sail=FAIL spike=FAIL qemu= --    <- sail: FAILURE: 1 (0x00000001); spike: *** FAILED *** (tohost = 1)
PASS  vror.vv        0x0d0070d7+0x530c0457   gen=ok sail= ok  spike= ok  qemu= -- 
PASS  vror.vx        0x0d0070d7+0x53014457   gen=ok sail= ok  spike= ok  qemu= -- 
PASS  vsha2ch.vv     0x0d1070d7+0xbb0c2477   gen=ok sail= ok  spike= ok  qemu= -- 
PASS  vsha2cl.vv     0x0d1070d7+0xbf0c2477   gen=ok sail= ok  spike= ok  qemu= -- 
PASS  vsha2ms.vv     0x0d1070d7+0xb70c2477   gen=ok sail= ok  spike= ok  qemu= -- 
PASS  vsm3c.vi       0x0d1070d7+0xaf022477   gen=ok sail= ok  spike= ok  qemu= -- 
PASS  vsm3me.vv      0x0d1070d7+0x830c2477   gen=ok sail= ok  spike= ok  qemu= -- 
PASS  vsm4k.vi       0x0d1070d7+0x87022477   gen=ok sail= ok  spike= ok  qemu= -- 
PASS  vsm4r.vs       0x0d1070d7+0xa7082477   gen=ok sail= ok  spike= ok  qemu= -- 
PASS  vsm4r.vv       0x0d1070d7+0xa3082477   gen=ok sail= ok  spike= ok  qemu= -- 
PASS  vwsll.vi       0x0d0070d7+0xd7023457   gen=ok sail= ok  spike= ok  qemu= -- 
PASS  vwsll.vv       0x0d0070d7+0xd70c0457   gen=ok sail= ok  spike= ok  qemu= -- 
PASS  vwsll.vx       0x0d0070d7+0xd7014457   gen=ok sail= ok  spike= ok  qemu= -- 

39/41 instructions: parsed from the model, generated, and passing on every available simulator (ok/FAIL/-- = pass/fail/not run)
  sail   39 pass, 2 fail, 0 not installed
  spike  39 pass, 2 fail, 0 not installed
  qemu   0 pass, 0 fail, 41 not installed

========================================================================
== vector_crypto RV64  (M7)
========================================================================
# extension=vector_crypto march_ext=v_zvbb_zvbc_zvkg_zvkned_zvknhb_zvksed_zvksh_zicsr out_dir=/tmp/sweep-final/vector_crypto
PASS  vaesdf.vs      0x0d1070d7+0xa700a477   gen=ok sail= ok  spike= ok  qemu= -- 
PASS  vaesdf.vv      0x0d1070d7+0xa300a477   gen=ok sail= ok  spike= ok  qemu= -- 
PASS  vaesdm.vs      0x0d1070d7+0xa7002477   gen=ok sail= ok  spike= ok  qemu= -- 
PASS  vaesdm.vv      0x0d1070d7+0xa3002477   gen=ok sail= ok  spike= ok  qemu= -- 
PASS  vaesef.vs      0x0d1070d7+0xa701a477   gen=ok sail= ok  spike= ok  qemu= -- 
PASS  vaesef.vv      0x0d1070d7+0xa301a477   gen=ok sail= ok  spike= ok  qemu= -- 
FAIL  vaesem.vs      0x0d1070d7+0xa7012477   gen=ok sail=FAIL spike=FAIL qemu= --    <- sail: FAILURE: 1 (0x00000001); spike: *** FAILED *** (tohost = 1)
PASS  vaesem.vv      0x0d1070d7+0xa3012477   gen=ok sail= ok  spike= ok  qemu= -- 
PASS  vaeskf1.vi     0x0d1070d7+0x8b022477   gen=ok sail= ok  spike= ok  qemu= -- 
PASS  vaeskf2.vi     0x0d1070d7+0xab022477   gen=ok sail= ok  spike= ok  qemu= -- 
PASS  vaesz.vs       0x0d1070d7+0xa703a477   gen=ok sail= ok  spike= ok  qemu= -- 
PASS  vandn.vv       0x0d0070d7+0x070c0457   gen=ok sail= ok  spike= ok  qemu= -- 
PASS  vandn.vx       0x0d0070d7+0x07014457   gen=ok sail= ok  spike= ok  qemu= -- 
PASS  vbrev.v        0x0d0070d7+0x4b052457   gen=ok sail= ok  spike= ok  qemu= -- 
PASS  vbrev8.v       0x0d0070d7+0x4b042457   gen=ok sail= ok  spike= ok  qemu= -- 
PASS  vclmul.vv      0x0d8070d7+0x330c2457   gen=ok sail= ok  spike= ok  qemu= -- 
FAIL  vclmul.vx      0x0d8070d7+0x33016457   gen=ok sail=FAIL spike=FAIL qemu= --    <- sail: FAILURE: 1 (0x00000001); spike: *** FAILED *** (tohost = 1)
PASS  vclmulh.vv     0x0d8070d7+0x370c2457   gen=ok sail= ok  spike= ok  qemu= -- 
FAIL  vclmulh.vx     0x0d8070d7+0x37016457   gen=ok sail=FAIL spike=FAIL qemu= --    <- sail: FAILURE: 1 (0x00000001); spike: *** FAILED *** (tohost = 1)
PASS  vclz.v         0x0d0070d7+0x4b062457   gen=ok sail= ok  spike= ok  qemu= -- 
PASS  vcpop.v        0x0d0070d7+0x4b072457   gen=ok sail= ok  spike= ok  qemu= -- 
PASS  vctz.v         0x0d0070d7+0x4b06a457   gen=ok sail= ok  spike= ok  qemu= -- 
PASS  vghsh.vv       0x0d1070d7+0xb30c2477   gen=ok sail= ok  spike= ok  qemu= -- 
PASS  vgmul.vv       0x0d1070d7+0xa308a477   gen=ok sail= ok  spike= ok  qemu= -- 
PASS  vrev8.v        0x0d0070d7+0x4b04a457   gen=ok sail= ok  spike= ok  qemu= -- 
PASS  vrol.vv        0x0d0070d7+0x570c0457   gen=ok sail= ok  spike= ok  qemu= -- 
PASS  vrol.vx        0x0d0070d7+0x57014457   gen=ok sail= ok  spike= ok  qemu= -- 
PASS  vror.vi        0x0d0070d7+0x53023457   gen=ok sail= ok  spike= ok  qemu= -- 
PASS  vror.vv        0x0d0070d7+0x530c0457   gen=ok sail= ok  spike= ok  qemu= -- 
PASS  vror.vx        0x0d0070d7+0x53014457   gen=ok sail= ok  spike= ok  qemu= -- 
PASS  vsha2ch.vv     0x0d1070d7+0xbb0c2477   gen=ok sail= ok  spike= ok  qemu= -- 
PASS  vsha2cl.vv     0x0d1070d7+0xbf0c2477   gen=ok sail= ok  spike= ok  qemu= -- 
PASS  vsha2ms.vv     0x0d1070d7+0xb70c2477   gen=ok sail= ok  spike= ok  qemu= -- 
PASS  vsm3c.vi       0x0d1070d7+0xaf022477   gen=ok sail= ok  spike= ok  qemu= -- 
PASS  vsm3me.vv      0x0d1070d7+0x830c2477   gen=ok sail= ok  spike= ok  qemu= -- 
PASS  vsm4k.vi       0x0d1070d7+0x87022477   gen=ok sail= ok  spike= ok  qemu= -- 
PASS  vsm4r.vs       0x0d1070d7+0xa7082477   gen=ok sail= ok  spike= ok  qemu= -- 
PASS  vsm4r.vv       0x0d1070d7+0xa3082477   gen=ok sail= ok  spike= ok  qemu= -- 
PASS  vwsll.vi       0x0d0070d7+0xd7023457   gen=ok sail= ok  spike= ok  qemu= -- 
PASS  vwsll.vv       0x0d0070d7+0xd70c0457   gen=ok sail= ok  spike= ok  qemu= -- 
PASS  vwsll.vx       0x0d0070d7+0xd7014457   gen=ok sail= ok  spike= ok  qemu= -- 

38/41 instructions: parsed from the model, generated, and passing on every available simulator (ok/FAIL/-- = pass/fail/not run)
  sail   38 pass, 3 fail, 0 not installed
  spike  38 pass, 3 fail, 0 not installed
  qemu   0 pass, 0 fail, 41 not installed

========================================================================
== bfloat16 RV32  (M7)
========================================================================
# extension=bfloat16 march_ext=f_d_v_zfbfmin_zvfbfmin_zvfbfwma_zicsr out_dir=/tmp/sweep-final/bfloat16
PASS  fcvt.bf16.s    0x448100d3              gen=ok sail= ok  spike= ok  qemu= -- 
PASS  fcvt.s.bf16    0x406100d3              gen=ok sail= ok  spike= ok  qemu= -- 
PASS  vfncvtbf16.f.f.w 0x0c8070d7+0x4b0e9457   gen=ok sail= ok  spike= ok  qemu= -- 
PASS  vfwcvtbf16.f.f.v 0x0c8070d7+0x4b069457   gen=ok sail= ok  spike= ok  qemu= -- 
PASS  vfwmaccbf16.vf 0x0c8070d7+0xef00d457   gen=ok sail= ok  spike= ok  qemu= -- 
PASS  vfwmaccbf16.vv 0x0c8070d7+0xef881457   gen=ok sail= ok  spike= ok  qemu= -- 

6/6 instructions: parsed from the model, generated, and passing on every available simulator (ok/FAIL/-- = pass/fail/not run)
  sail   6 pass, 0 fail, 0 not installed
  spike  6 pass, 0 fail, 0 not installed
  qemu   0 pass, 0 fail, 6 not installed

========================================================================
== bfloat16 RV64  (M7)
========================================================================
# extension=bfloat16 march_ext=f_d_v_zfbfmin_zvfbfmin_zvfbfwma_zicsr out_dir=/tmp/sweep-final/bfloat16
PASS  fcvt.bf16.s    0x448100d3              gen=ok sail= ok  spike= ok  qemu= -- 
PASS  fcvt.s.bf16    0x406100d3              gen=ok sail= ok  spike= ok  qemu= -- 
PASS  vfncvtbf16.f.f.w 0x0c8070d7+0x4b0e9457   gen=ok sail= ok  spike= ok  qemu= -- 
PASS  vfwcvtbf16.f.f.v 0x0c8070d7+0x4b069457   gen=ok sail= ok  spike= ok  qemu= -- 
PASS  vfwmaccbf16.vf 0x0c8070d7+0xef00d457   gen=ok sail= ok  spike= ok  qemu= -- 
PASS  vfwmaccbf16.vv 0x0c8070d7+0xef881457   gen=ok sail= ok  spike= ok  qemu= -- 

6/6 instructions: parsed from the model, generated, and passing on every available simulator (ok/FAIL/-- = pass/fail/not run)
  sail   6 pass, 0 fail, 0 not installed
  spike  6 pass, 0 fail, 0 not installed
  qemu   0 pass, 0 fail, 6 not installed

========================================================================
== Zicsr RV32  (privileged)
========================================================================
# extension=Zicsr march_ext=zicsr out_dir=/tmp/sweep-final/Zicsr
PASS  csrrc          0x340130f3              gen=ok sail= ok  spike= ok  qemu= -- 
PASS  csrrci         0x340270f3              gen=ok sail= ok  spike= ok  qemu= -- 
PASS  csrrs          0x340120f3              gen=ok sail= ok  spike= ok  qemu= -- 
PASS  csrrsi         0x340260f3              gen=ok sail= ok  spike= ok  qemu= -- 
PASS  csrrw          0x340110f3              gen=ok sail= ok  spike= ok  qemu= -- 
PASS  csrrwi         0x340250f3              gen=ok sail= ok  spike= ok  qemu= -- 

6/6 instructions: parsed from the model, generated, and passing on every available simulator (ok/FAIL/-- = pass/fail/not run)
  sail   6 pass, 0 fail, 0 not installed
  spike  6 pass, 0 fail, 0 not installed
  qemu   0 pass, 0 fail, 6 not installed

========================================================================
== Zicsr RV64  (privileged)
========================================================================
# extension=Zicsr march_ext=zicsr out_dir=/tmp/sweep-final/Zicsr
PASS  csrrc          0x340130f3              gen=ok sail= ok  spike= ok  qemu= -- 
PASS  csrrci         0x340270f3              gen=ok sail= ok  spike= ok  qemu= -- 
PASS  csrrs          0x340120f3              gen=ok sail= ok  spike= ok  qemu= -- 
PASS  csrrsi         0x340260f3              gen=ok sail= ok  spike= ok  qemu= -- 
PASS  csrrw          0x340110f3              gen=ok sail= ok  spike= ok  qemu= -- 
PASS  csrrwi         0x340250f3              gen=ok sail= ok  spike= ok  qemu= -- 

6/6 instructions: parsed from the model, generated, and passing on every available simulator (ok/FAIL/-- = pass/fail/not run)
  sail   6 pass, 0 fail, 0 not installed
  spike  6 pass, 0 fail, 0 not installed
  qemu   0 pass, 0 fail, 6 not installed

========================================================================
== Svinval RV32  (privileged)
========================================================================
# extension=Svinval march_ext=zicsr_svinval out_dir=/tmp/sweep-final/Svinval
PASS  sfence.inval.ir 0x18100073              gen=ok sail= ok  spike= ok  qemu= -- 
PASS  sfence.w.inval 0x18000073              gen=ok sail= ok  spike= ok  qemu= -- 
PASS  sinval.vma     0x16208073              gen=ok sail= ok  spike= ok  qemu= -- 

3/3 instructions: parsed from the model, generated, and passing on every available simulator (ok/FAIL/-- = pass/fail/not run)
  sail   3 pass, 0 fail, 0 not installed
  spike  3 pass, 0 fail, 0 not installed
  qemu   0 pass, 0 fail, 3 not installed

========================================================================
== Svinval RV64  (privileged)
========================================================================
# extension=Svinval march_ext=zicsr_svinval out_dir=/tmp/sweep-final/Svinval
PASS  sfence.inval.ir 0x18100073              gen=ok sail= ok  spike= ok  qemu= -- 
PASS  sfence.w.inval 0x18000073              gen=ok sail= ok  spike= ok  qemu= -- 
PASS  sinval.vma     0x16208073              gen=ok sail= ok  spike= ok  qemu= -- 

3/3 instructions: parsed from the model, generated, and passing on every available simulator (ok/FAIL/-- = pass/fail/not run)
  sail   3 pass, 0 fail, 0 not installed
  spike  3 pass, 0 fail, 0 not installed
  qemu   0 pass, 0 fail, 3 not installed


========================================================================
== SUMMARY
========================================================================
target                 group       pass  fail  skip  noenc   secs
I RV32                 M5            45     0    12      1     60
I RV64                 M5            57     0     0      1     85
M RV32                 M5             8     0     5      0     83
M RV64                 M5            13     0     0      0     98
A RV32                 M5            44     0    44    144     78
A RV64                 M5            88     0     0    144    171
Zifencei RV32          M5             1     0     0      0      2
Zifencei RV64          M5             1     0     0      0      2
Zicond RV32            M5             2     0     0      0      5
Zicond RV64            M5             2     0     0      0      5
Zawrs RV32             M5             2     0     0      0      4
Zawrs RV64             M5             2     0     0      0      5
Zicbom RV32            M5             3     0     0      0      7
Zicbom RV64            M5             3     0     0      0      8
Zicbop RV32            M5             3     0     0      0      5
Zicbop RV64            M5             3     0     0      0      5
Zicboz RV32            M5             1     0     0      0      3
Zicboz RV64            M5             1     0     0      0      3
Zihintntl RV32         M5             4     0     0      4      6
Zihintntl RV64         M5             4     0     0      4      6
Zihintpause RV32       M5             1     0     0      0      2
Zihintpause RV64       M5             1     0     0      0      2
Zimop RV32             M5             2     0     0      0      5
Zimop RV64             M5             2     0     0      0      5
Zcmop RV32             M5             1     0     0      0      2
Zcmop RV64             M5             1     0     0      0      2
cfi RV32               M5             4     4     4     10     20
cfi RV64               M5             4     8     0     10     35
B RV32                 M6            28     1    11      3     85
B RV64                 M6            38     2     0      3    402
K RV32                 M6            23     2    12      0     50
K RV64                 M6            21     4    12      0    727
C RV32                 M6            25     2     7     12     32
C RV64                 M6            31     2     1     12     41
FD RV32                M6           104     2    14      2    196
FD RV64                M6           118     0     2      2    219
V RV32                 M7           571    56     0      0   2506
V RV64                 M7           604    23     0      0   2616
vector_crypto RV32     M7            39     2     0      0    154
vector_crypto RV64     M7            38     3     0      0    154
bfloat16 RV32          M7             6     0     0      0     19
bfloat16 RV64          M7             6     0     0      0     19
Zicsr RV32             privileged     6     0     0      0     12
Zicsr RV64             privileged     6     0     0      0     12
Svinval RV32           privileged     3     0     0      0      5
Svinval RV64           privileged     3     0     0      0      5

1973 passing, 111 failing across 46 extension/XLEN targets
